,City,Cnty,Station_Id_C,Province,Station_levl,Station_Name,Town,Alti,Lat,Lon,wind,WIN_S_Gust_Max,WIN_D_Gust_Max,value
0,台州市,天台县,58559,浙江省,12,天台,始丰街道,107.6,29.1528,120.9706,13295.0,1.3,295,1.3
1,台州市,三门县,58568,浙江省,12,三门,海游街道,34.5,29.1228,121.3833,20040.0,2.0,40,2.0
2,台州市,仙居县,58652,浙江省,12,仙居,安洲街道,83.2,28.8672,120.7189,26040.0,2.6,40,2.6
3,台州市,临海市,58653,浙江省,13,括苍山,括苍镇,1382.4,28.8097,120.9219,51139.0,5.1,139,5.1
4,台州市,临海市,58660,浙江省,12,临海,大洋街道,6.3,28.8739,121.1928,46061.0,4.6,61,4.6
5,台州市,椒江区,58661,浙江省,13,椒江口,海门街道,3.0,28.6625,121.5108,53031.0,5.3,31,5.3
6,台州市,三门县,58662,浙江省,13,牛山,浦坝港镇,60.0,29.0131,121.7056,66353.0,6.6,353,6.6
7,台州市,临海市,58663,浙江省,13,东矶,上盘镇,96.0,28.7189,121.9156,110036.0,11.0,36,11.0
8,台州市,温岭市,58664,浙江省,12,温岭,太平街道,35.0,28.3728,121.3589,52024.0,5.2,24,5.2
9,台州市,椒江区,58665,浙江省,12,洪家,洪家街道,4.6,28.6181,121.4164,44043.0,4.4,43,4.4
10,台州市,椒江区,58666,浙江省,11,大陈,大陈镇,89.1,28.4514,121.9033,122021.0,12.2,21,12.2
11,台州市,玉环市,58667,浙江省,12,玉环,坎门街道,95.9,28.0775,121.2708,91030.0,9.1,30,9.1
12,台州市,玉环市,58668,浙江省,13,披山,鸡山乡,121.0,28.0958,121.52,127074.0,12.7,74,12.7
13,台州市,温岭市,58669,浙江省,13,石塘,石塘镇,75.0,28.2603,121.6164,152037.0,15.2,37,15.2
14,台州市,石油平台,K0806,浙江省,14,天外天C平台,-,45.8,28.35,124.9333,105061.0,10.5,61,10.5
15,台州市,椒江区,K8001,浙江省,14,赤龙,白云街道,27.0,28.6547,121.4189,59355.0,5.9,355,5.9
16,台州市,椒江区,K8003,浙江省,14,绿心,葭沚街道,205.0,28.6389,121.3522,53351.0,5.3,351,5.3
17,台州市,椒江区,K8101,浙江省,14,东方红,海门街道,21.0,28.6781,121.4467,37071.0,3.7,71,3.7
18,台州市,椒江区,K8103,浙江省,14,涛江闸,前所街道,13.0,28.6967,121.4897,51001.0,5.1,1,5.1
19,台州市,椒江区,K8104,浙江省,14,马峙,章安街道,21.0,28.7539,121.4047,47342.0,4.7,342,4.7
20,台州市,椒江区,K8106,浙江省,14,大桥,章安街道,5.0,28.7081,121.3967,50055.0,5.0,55,5.0
21,台州市,椒江区,K8107,浙江省,14,下陈,下陈街道,4.0,28.5931,121.4592,60036.0,6.0,36,6.0
22,台州市,椒江区,K8108,浙江省,14,柏树里,章安街道,6.0,28.7303,121.4508,35017.0,3.5,17,3.5
23,台州市,椒江区,K8109,浙江省,14,新佳果,三甲街道,3.0,28.6194,121.5092,64047.0,6.4,47,6.4
24,台州市,椒江区,K8110,浙江省,14,上大陈,大陈镇,55.0,28.4964,121.9056,109037.0,10.9,37,10.9
25,台州市,椒江区,K8111,浙江省,14,二桥,前所街道,30.0,28.6944,121.4744,63029.0,6.3,29,6.3
26,台州市,椒江区,K8112,浙江省,14,岳头村,海门街道,5.0,28.6642,121.4556,39048.0,3.9,48,3.9
27,台州市,椒江区,K8113,浙江省,14,污水厂,海虹街道,3.0,28.65,121.5119,38348.0,3.8,348,3.8
28,台州市,椒江区,K8114,浙江省,14,雷达站,三甲街道,3.0,28.6186,121.5228,33334.0,3.3,334,3.3
29,台州市,椒江区,K8115,浙江省,14,挡港桥,洪家街道,11.0,28.5903,121.3997,51046.0,5.1,46,5.1
30,台州市,椒江区,K8116,浙江省,14,一江山,大陈镇,50.0,28.6086,121.8156,127027.0,12.7,27,12.7
31,台州市,椒江区,K8118,浙江省,14,乌石,葭沚街道,5.0,28.6833,121.375,46032.0,4.6,32,4.6
32,台州市,椒江区,K8120,浙江省,14,台州湾大桥,海门街道,20.0,28.6781,121.5119,62046.0,6.2,46,6.2
33,台州市,椒江区,K8121,浙江省,14,柑橘良种场,章安街道,150.0,28.7361,121.3692,86033.0,8.6,33,8.6
34,台州市,椒江区,K8122,浙江省,14,烟草中心,三甲街道,3.0,28.59,121.5361,45008.0,4.5,8,4.5
35,台州市,椒江区,K8123,浙江省,14,虾浦,大陈镇,160.0,28.5056,121.89,103056.0,10.3,56,10.3
36,台州市,椒江区,K8124,浙江省,14,洪家二中,洪家街道,5.0,28.6097,121.4144,39037.0,3.9,37,3.9
37,台州市,椒江区,K8127,浙江省,14,江北药业,章安街道,5.0,28.7061,121.3672,52072.0,5.2,72,5.2
38,台州市,椒江区,K8128,浙江省,14,李宅,章安街道,45.0,28.76,121.3928,39345.0,3.9,345,3.9
39,台州市,椒江区,K8129,浙江省,14,六联小学,前所街道,6.0,28.7178,121.4994,42069.0,4.2,69,4.2
40,台州市,椒江区,K8130,浙江省,14,海正育才小学,下陈街道,11.0,28.6131,121.4469,61057.0,6.1,57,6.1
41,台州市,椒江区,K8135,浙江省,14,横河陈,下陈街道,4.0,28.6239,121.4308,64054.0,6.4,54,6.4
42,台州市,椒江区,K8136,浙江省,14,高铁台州站,葭沚街道,5.0,28.6575,121.3764,37039.0,3.7,39,3.7
43,台州市,椒江区,K8137,浙江省,14,台州植物园,葭沚街道,10.0,28.6331,121.3572,39025.0,3.9,25,3.9
44,台州市,椒江区,K8138,浙江省,14,创谷基金港,葭沚街道,5.0,28.6289,121.3872,44021.0,4.4,21,4.4
45,台州市,椒江区,K8141,浙江省,14,江滨公园,白云街道,5.0,28.6856,121.4328,35342.0,3.5,342,3.5
46,台州市,椒江区,K8191,浙江省,14,新民小学,前所街道,6.0,28.7058,121.4144,26024.0,2.6,24,2.6
47,台州市,黄岩区,K8201,浙江省,14,气象大楼,东城街道,45.0,28.6625,121.28,67095.0,6.7,95,6.7
48,台州市,黄岩区,K8202,浙江省,14,宁溪备份,宁溪镇,150.0,28.5917,120.9753,14249.0,1.4,249,1.4
49,台州市,黄岩区,K8203,浙江省,14,沙埠,沙埠镇,43.0,28.5481,121.1744,11309.0,1.1,309,1.1
50,台州市,黄岩区,K8204,浙江省,14,长潭,北洋镇,57.0,28.6108,121.0583,25350.0,2.5,350,2.5
51,台州市,黄岩区,K8205,浙江省,14,头陀,头陀镇,16.0,28.6742,121.1369,17022.0,1.7,22,1.7
52,台州市,黄岩区,K8206,浙江省,14,富山,富山乡,710.0,28.5358,120.9131,45060.0,4.5,60,4.5
53,台州市,黄岩区,K8207,浙江省,14,白石,屿头乡,757.0,28.6744,120.9375,43066.0,4.3,66,4.3
54,台州市,黄岩区,K8208,浙江省,14,上凤,屿头乡,160.0,28.6522,121.0108,44349.0,4.4,349,4.4
55,台州市,黄岩区,K8209,浙江省,14,下余,上郑乡,256.0,28.6058,120.8744,40205.0,4.0,205,4.0
56,台州市,黄岩区,K8210,浙江省,14,上垟,上垟乡,77.0,28.5153,121.0083,11031.0,1.1,31,1.1
57,台州市,黄岩区,K8212,浙江省,14,江口,江口街道,7.0,28.6903,121.3275,37100.0,3.7,100,3.7
58,台州市,黄岩区,K8213,浙江省,14,院桥,院桥镇,7.0,28.5497,121.2981,22051.0,2.2,51,2.2
59,台州市,黄岩区,K8214,浙江省,14,高桥,高桥街道,45.0,28.5844,121.2314,27116.0,2.7,116,2.7
60,台州市,黄岩区,K8215,浙江省,14,新前,新前街道,13.0,28.6814,121.2067,29347.0,2.9,347,2.9
61,台州市,黄岩区,K8216,浙江省,14,茅畲,茅畲乡,29.0,28.595,121.1314,12059.0,1.2,59,1.2
62,台州市,黄岩区,K8217,浙江省,16,澄江,澄江街道,12.0,28.6322,121.1736,24110.0,2.4,110,2.4
63,台州市,黄岩区,K8218,浙江省,14,科技学院,东城街道,8.0,28.6694,121.2539,27090.0,2.7,90,2.7
64,台州市,黄岩区,K8220,浙江省,14,北洋,北洋镇,25.0,28.6206,121.0978,17247.0,1.7,247,1.7
65,台州市,黄岩区,K8221,浙江省,14,平田,平田乡,393.0,28.5381,121.0739,39067.0,3.9,67,3.9
66,台州市,黄岩区,K8222,浙江省,14,大寺基,上郑乡,1143.0,28.5842,120.7997,69070.0,6.9,70,6.9
67,台州市,黄岩区,K8223,浙江省,14,沙门店,院桥镇,7.0,28.5575,121.2686,19014.0,1.9,14,1.9
68,台州市,黄岩区,K8225,浙江省,14,牌门,宁溪镇,121.0,28.5272,120.9522,11355.0,1.1,355,1.1
69,台州市,黄岩区,K8226,浙江省,14,委羽山,西城街道,19.0,28.6247,121.2394,32028.0,3.2,28,3.2
70,台州市,黄岩区,K8227,浙江省,14,十里铺,南城街道,20.0,28.6125,121.2672,30244.0,3.0,244,3.0
71,台州市,黄岩区,K8228,浙江省,14,江心屿,江口街道,10.0,28.6956,121.3256,38110.0,3.8,110,3.8
72,台州市,黄岩区,K8229,浙江省,14,白鹭湾,宁溪镇,40.0,28.6122,120.9992,14060.0,1.4,60,1.4
73,台州市,黄岩区,K8230,浙江省,14,黄毛山,平田乡,646.0,28.5753,121.0769,63088.0,6.3,88,6.3
74,台州市,黄岩区,K8240,浙江省,14,东城小学,东城街道,25.0,28.6611,121.2906,39115.0,3.9,115,3.9
75,台州市,黄岩区,K8244,浙江省,14,下抱水库,新前街道,135.0,28.7097,121.2208,33073.0,3.3,73,3.3
76,台州市,黄岩区,K8248,浙江省,14,元同溪闸,头陀镇,14.0,28.6242,121.1458,18332.0,1.8,332,1.8
77,台州市,黄岩区,K8249,浙江省,14,黄土岭,北城街道,26.0,28.6831,121.2394,16033.0,1.6,33,1.6
78,台州市,黄岩区,K8258,浙江省,14,福利,宁溪镇,71.0,28.6025,120.9708,16098.0,1.6,98,1.6
79,台州市,黄岩区,K8259,浙江省,14,布袋坑,屿头乡,617.0,28.7006,120.9442,21136.0,2.1,136,2.1
80,台州市,黄岩区,K8260,浙江省,14,东岭头,头陀镇,208.0,28.6711,121.1006,49274.0,4.9,274,4.9
81,台州市,黄岩区,K8263,浙江省,14,桐里岙,平田乡,44.0,28.5597,121.0511,14157.0,1.4,157,1.4
82,台州市,黄岩区,K8264,浙江省,14,下方,上垟乡,63.0,28.5325,121.0017,23174.0,2.3,174,2.3
83,台州市,黄岩区,K8267,浙江省,14,圣堂,上郑乡,172.0,28.5844,120.8853,23292.0,2.3,292,2.3
84,台州市,黄岩区,K8270,浙江省,14,东亚山庄,上郑乡,988.0,28.5983,120.82,45116.0,4.5,116,4.5
85,台州市,黄岩区,K8271,浙江省,14,外金,富山乡,582.0,28.5078,120.8914,36345.0,3.6,345,3.6
86,台州市,黄岩区,K8273,浙江省,14,后岙,屿头乡,540.0,28.6631,120.9097,32093.0,3.2,93,3.2
87,台州市,黄岩区,K8274,浙江省,14,前思岙,上垟乡,185.0,28.4861,121.0247,13011.0,1.3,11,1.3
88,台州市,黄岩区,K8275,浙江省,14,兴安村,黄岩屿头乡,112.0,28.6503,120.9594,15266.0,1.5,266,1.5
89,台州市,黄岩区,K8276,浙江省,14,董岙村,上垟乡,37.0,28.5617,121.0181,51004.0,5.1,4,5.1
90,台州市,黄岩区,K8277,浙江省,14,临古,澄江街道,21.0,28.62,121.1472,18070.0,1.8,70,1.8
91,台州市,黄岩区,K8279,浙江省,14,沈岙,上垟乡,681.0,28.4911,120.9922,58094.0,5.8,94,5.8
92,台州市,黄岩区,K8280,浙江省,14,南六坑,沙埠镇,386.0,28.5294,121.1556,34082.0,3.4,82,3.4
93,台州市,黄岩区,K8282,浙江省,16,宁溪,宁溪镇,151.0,28.5867,120.965,14277.0,1.4,277,1.4
94,台州市,黄岩区,K8283,浙江省,14,柑橘所,头陀镇,60.0,28.6428,121.1564,24036.0,2.4,36,2.4
95,台州市,路桥区,K8301,浙江省,14,路桥,路北街道,5.0,28.5753,121.3503,30014.0,3.0,14,3.0
96,台州市,路桥区,K8302,浙江省,14,横街,横街镇,5.0,28.5278,121.4456,45009.0,4.5,9,4.5
97,台州市,路桥区,K8303,浙江省,14,金清,金清镇,3.0,28.5058,121.4972,58012.0,5.8,12,5.8
98,台州市,路桥区,K8304,浙江省,14,白果,金清镇,133.4,28.4839,121.6219,104014.0,10.4,14,10.4
99,台州市,路桥区,K8305,浙江省,14,黄琅,金清镇,2.0,28.5261,121.5967,79032.0,7.9,32,7.9
100,台州市,路桥区,K8306,浙江省,14,桐屿,桐屿街道,5.0,28.5856,121.3344,29326.0,2.9,326,2.9
101,台州市,路桥区,K8307,浙江省,14,机场,路南街道,4.0,28.5553,121.4222,48036.0,4.8,36,4.8
102,台州市,路桥区,K8308,浙江省,14,新桥,新桥镇,4.0,28.5019,121.4036,56009.0,5.6,9,5.6
103,台州市,路桥区,K8309,浙江省,14,蓬街,蓬街镇,5.0,28.5503,121.4839,55046.0,5.5,46,5.5
104,台州市,路桥区,K8310,浙江省,14,峰江,峰江街道,10.0,28.5486,121.3681,47043.0,4.7,43,4.7
105,台州市,路桥区,K8311,浙江省,14,水厂,螺洋街道,10.0,28.5608,121.33,35038.0,3.5,38,3.5
106,台州市,路桥区,K8312,浙江省,14,农垦场,金清镇,5.0,28.5081,121.5872,78010.0,7.8,10,7.8
107,台州市,路桥区,K8313,浙江省,14,启明村,蓬街镇,5.0,28.5681,121.5189,68001.0,6.8,1,6.8
108,台州市,路桥区,K8315,浙江省,14,三山,金清镇,60.0,28.5614,121.5944,104016.0,10.4,16,10.4
109,台州市,路桥区,K8316,浙江省,14,鹁鸪嘴,金清镇,25.0,28.5506,121.6422,104025.0,10.4,25,10.4
110,台州市,路桥区,K8317,浙江省,14,凉溪,桐屿街道,25.0,28.6178,121.3067,38000.0,3.8,0,3.8
111,台州市,路桥区,K8318,浙江省,14,东风村,螺洋街道,5.0,28.5642,121.3083,27022.0,2.7,22,2.7
112,台州市,路桥区,K8320,浙江省,14,湖屿岛,金清镇,42.0,28.4583,121.6653,117015.0,11.7,15,11.7
113,台州市,路桥区,K8321,浙江省,14,保全小学,峰江街道,5.0,28.5189,121.3761,51029.0,5.1,29,5.1
114,台州市,路桥区,K8322,浙江省,14,路桥高速,金清镇,5.0,28.5556,121.5392,55019.0,5.5,19,5.5
115,台州市,路桥区,K8323,浙江省,14,横街小学,横街镇,6.0,28.5358,121.4328,41006.0,4.1,6,4.1
116,台州市,路桥区,K8324,浙江省,14,飞龙湖,桐屿街道,10.0,28.6044,121.3358,37031.0,3.7,31,3.7
117,台州市,路桥区,K8325,浙江省,14,联盟闸,金清镇,3.0,28.5208,121.5478,70013.0,7.0,13,7.0
118,台州市,路桥区,K8327,浙江省,14,下陶村,峰江街道,5.0,28.5364,121.3953,48046.0,4.8,46,4.8
119,台州市,路桥区,K8329,浙江省,14,明珠学校,金清镇,5.0,28.52,121.5147,50021.0,5.0,21,5.0
120,台州市,路桥区,K8330,浙江省,14,北大附中,桐屿街道,6.0,28.6014,121.3047,32118.0,3.2,118,3.2
121,台州市,路桥区,K8341,浙江省,14,九琅山,横街镇,23.0,28.5147,121.4469,33121.0,3.3,121,3.3
122,台州市,路桥区,K8343,浙江省,14,蒋桥,金清镇,5.0,28.4875,121.4636,54006.0,5.4,6,5.4
123,台州市,路桥区,K8345,浙江省,14,蓬东,蓬街镇,4.0,28.5783,121.4925,59036.0,5.9,36,5.9
124,台州市,路桥区,K8346,浙江省,14,金大田,新桥镇,5.0,28.5169,121.3983,51019.0,5.1,19,5.1
125,台州市,路桥区,K8347,浙江省,14,花园里,蓬街镇,5.0,28.5611,121.4628,43006.0,4.3,6,4.3
126,台州市,路桥区,K8348,浙江省,14,金清渔港,金清镇,6.0,28.4914,121.5986,65007.0,6.5,7,6.5
127,台州市,温岭市,K8401,浙江省,14,石桥头,石桥头镇,8.6,28.3494,121.4606,71351.0,7.1,351,7.1
128,台州市,温岭市,K8402,浙江省,14,黄茅山,泽国镇,210.0,28.5297,121.3078,20004.0,2.0,4,2.0
129,台州市,温岭市,K8403,浙江省,14,大溪,大溪镇,11.0,28.4911,121.2411,37021.0,3.7,21,3.7
130,台州市,温岭市,K8404,浙江省,14,松门,松门镇,2.0,28.3711,121.5664,61350.0,6.1,350,6.1
131,台州市,温岭市,K8405,浙江省,14,坞根,坞根镇,5.6,28.3247,121.2611,30338.0,3.0,338,3.0
132,台州市,温岭市,K8406,浙江省,14,横峰,横峰街道,5.0,28.4475,121.3258,30356.0,3.0,356,3.0
133,台州市,温岭市,K8407,浙江省,14,石塘渔港,石塘镇,25.0,28.2464,121.6039,119053.0,11.9,53,11.9
134,台州市,温岭市,K8408,浙江省,14,新河,新河镇,7.0,28.4781,121.4594,37020.0,3.7,20,3.7
135,台州市,温岭市,K8409,浙江省,14,东海塘,箬横镇,7.0,28.4222,121.6081,85030.0,8.5,30,8.5
136,台州市,温岭市,K8410,浙江省,14,岙环,城南镇,32.0,28.2861,121.3994,66353.0,6.6,353,6.6
137,台州市,温岭市,K8411,浙江省,14,市温峤,温峤镇,27.0,28.3839,121.3003,51013.0,5.1,13,5.1
138,台州市,温岭市,K8412,浙江省,14,箬横,箬横镇,5.0,28.3989,121.5228,48346.0,4.8,346,4.8
139,台州市,温岭市,K8413,浙江省,16,滨海,滨海镇,5.0,28.4506,121.5589,66015.0,6.6,15,6.6
140,台州市,温岭市,K8414,浙江省,14,太湖山,大溪镇,407.0,28.4992,121.2019,61029.0,6.1,29,6.1
141,台州市,温岭市,K8415,浙江省,14,九洞门,松门镇,55.0,28.4125,121.6617,109003.0,10.9,3,10.9
142,台州市,温岭市,K8416,浙江省,14,花芯,箬横镇,185.0,28.4156,121.4511,27036.0,2.7,36,2.7
143,台州市,温岭市,K8417,浙江省,14,方山,大溪镇,464.0,28.4206,121.2428,76038.0,7.6,38,7.6
144,台州市,温岭市,K8419,浙江省,14,实践基地,松门镇,9.0,28.3258,121.6189,86056.0,8.6,56,8.6
145,台州市,温岭市,K8420,浙江省,14,岭脚村,温峤镇,46.0,28.3619,121.2825,57035.0,5.7,35,5.7
146,台州市,温岭市,K8421,浙江省,14,山后村,城南镇,46.0,28.3194,121.3311,77028.0,7.7,28,7.7
147,台州市,温岭市,K8422,浙江省,14,火车站,大溪镇,9.0,28.4822,121.3236,39061.0,3.9,61,3.9
148,台州市,温岭市,K8423,浙江省,14,城东,城东街道,5.0,28.4119,121.3767,49009.0,4.9,9,4.9
149,台州市,温岭市,K8424,浙江省,14,城北,城北街道,34.0,28.4572,121.3997,59040.0,5.9,40,5.9
150,台州市,温岭市,K8425,浙江省,14,三蒜,石塘镇,95.0,28.2311,121.6356,110034.0,11.0,34,11.0
151,台州市,温岭市,K8426,浙江省,14,粮食功能区,箬横镇,6.0,28.4111,121.5644,64326.0,6.4,326,6.4
152,台州市,温岭市,K8427,浙江省,14,大溪高速,大溪镇,5.0,28.4689,121.2619,15039.0,1.5,39,1.5
153,台州市,温岭市,K8429,浙江省,14,泽国,泽国镇,10.0,28.4894,121.3794,43027.0,4.3,27,4.3
154,台州市,温岭市,K8430,浙江省,14,城西,城西街道,24.0,28.39,121.3681,29034.0,2.9,34,2.9
155,台州市,温岭市,K8441,浙江省,14,泽国二小,泽国镇,5.0,28.4969,121.3361,28069.0,2.8,69,2.8
156,台州市,温岭市,K8442,浙江省,14,长屿,新河镇,30.0,28.4361,121.4358,26083.0,2.6,83,2.6
157,台州市,温岭市,K8443,浙江省,14,高桥小学,新河镇,10.0,28.4894,121.4331,45059.0,4.5,59,4.5
158,台州市,温岭市,K8444,浙江省,14,东浦,箬横镇,10.0,28.345,121.4997,59352.0,5.9,352,5.9
159,台州市,温岭市,K8445,浙江省,14,北港,松门镇,66.0,28.4317,121.6581,101047.0,10.1,47,10.1
160,台州市,温岭市,K8447,浙江省,14,温岭南,城南镇,10.0,28.3278,121.4594,70041.0,7.0,41,7.0
161,台州市,温岭市,K8448,浙江省,14,隔海岛,石塘镇,20.0,28.3039,121.6469,120063.0,12.0,63,12.0
162,台州市,温岭市,K8449,浙江省,14,横屿山,横峰街道,48.0,28.4331,121.3353,41008.0,4.1,8,4.1
163,台州市,温岭市,K8460,浙江省,14,潘郎小学,大溪镇,10.0,28.4539,121.3058,19013.0,1.9,13,1.9
164,台州市,温岭市,K8461,浙江省,14,犁头咀,城南镇,30.0,28.2656,121.4369,96042.0,9.6,42,9.6
165,台州市,温岭市,K8462,浙江省,14,伍佰屿,滨海镇,5.0,28.4769,121.6092,83041.0,8.3,41,8.3
166,台州市,温岭市,K8463,浙江省,14,温岭中学,太平街道,6.0,28.3747,121.3969,25243.0,2.5,243,2.5
167,台州市,温岭市,K8464,浙江省,14,滨海中学,滨海镇,10.0,28.4683,121.5203,45005.0,4.5,5,4.5
168,台州市,温岭市,K8465,浙江省,14,长屿小学,新河镇,6.0,28.4511,121.4406,31348.0,3.1,348,3.1
169,台州市,温岭市,K8466,浙江省,14,青屿校区,温峤镇,30.0,28.3636,121.2439,82064.0,8.2,64,8.2
170,台州市,温岭市,K8477,浙江省,14,紫荆校区,箬横镇,3.0,28.405,121.6108,70028.0,7.0,28,7.0
171,台州市,温岭市,K8486,浙江省,14,礁山渔港,松门镇,8.0,28.3647,121.6156,80034.0,8.0,34,8.0
172,台州市,温岭市,K8487,浙江省,14,一蒜岛,石塘镇,73.0,28.2144,121.6619,141022.0,14.1,22,14.1
173,台州市,温岭市,K8488,浙江省,14,洛屿岛,石塘镇,35.0,28.2717,121.7308,129052.0,12.9,52,12.9
174,台州市,温岭市,K8489,浙江省,14,龟屿岛,松门镇,28.0,28.4069,121.7161,87051.0,8.7,51,8.7
175,台州市,玉环市,K8501,浙江省,14,清港,清港镇,18.0,28.2569,121.2867,65060.0,6.5,60,6.5
176,台州市,玉环市,K8502,浙江省,14,干江,干江镇,145.0,28.1664,121.3717,83025.0,8.3,25,8.3
177,台州市,玉环市,K8503,浙江省,14,沙门,沙门镇,18.0,28.2439,121.3803,80162.0,8.0,162,8.0
178,台州市,玉环市,K8504,浙江省,14,海山,海山乡,2.0,28.21,121.1575,84024.0,8.4,24,8.4
179,台州市,玉环市,K8505,浙江省,14,玉城,玉城街道,6.0,28.1256,121.2369,30327.0,3.0,327,3.0
180,台州市,玉环市,K8506,浙江省,14,大鹿岛,鸡山乡,30.0,28.0922,121.4039,112033.0,11.2,33,11.2
181,台州市,玉环市,K8507,浙江省,14,鲜迭,大麦屿街道,280.0,28.0917,121.2042,70013.0,7.0,13,7.0
182,台州市,玉环市,K8510,浙江省,14,花岩浦,龙溪乡,48.0,28.1961,121.3092,70014.0,7.0,14,7.0
183,台州市,玉环市,K8511,浙江省,14,芦浦,芦浦镇,98.0,28.1983,121.2414,74050.0,7.4,50,7.4
184,台州市,玉环市,K8512,浙江省,14,楚门,楚门镇,25.0,28.2169,121.3014,56044.0,5.6,44,5.6
185,台州市,玉环市,K8513,浙江省,14,鸡山,鸡山乡,59.0,28.1061,121.3642,89044.0,8.9,44,8.9
186,台州市,玉环市,K8517,浙江省,14,大麦屿,大麦屿街道,18.0,28.1031,121.1358,89043.0,8.9,43,8.9
187,台州市,玉环市,K8518,浙江省,14,龙溪樱桃,龙溪乡,26.0,28.2089,121.3289,44023.0,4.4,23,4.4
188,台州市,玉环市,K8521,浙江省,14,大雷山,清港镇,332.0,28.3153,121.3458,97015.0,9.7,15,9.7
189,台州市,玉环市,K8522,浙江省,14,分水山,芦浦镇,4.0,28.195,121.2103,45107.0,4.5,107,4.5
190,台州市,玉环市,K8527,浙江省,14,雕鹰山,大麦屿街道,238.0,28.1192,121.1981,104051.0,10.4,51,10.4
191,台州市,玉环市,K8528,浙江省,14,乐清湾二桥,海山乡,40.0,28.2425,121.1392,85052.0,8.5,52,8.5
192,台州市,玉环市,K8530,浙江省,14,吊船湾,沙门镇,3.0,28.2222,121.3753,72034.0,7.2,34,7.2
193,台州市,玉环市,K8544,浙江省,14,大圆头,沙门镇,140.0,28.2419,121.4161,80037.0,8.0,37,8.0
194,台州市,玉环市,K8545,浙江省,14,大岩头,大麦屿街道,236.0,28.0467,121.1631,115086.0,11.5,86,11.5
195,台州市,玉环市,K8546,浙江省,14,中鹿岛,鸡山乡,90.0,28.0569,121.4106,120028.0,12.0,28,12.0
196,台州市,玉环市,K8549,浙江省,14,江岩村,玉城街道,136.0,28.1733,121.1492,90046.0,9.0,46,9.0
197,台州市,玉环市,K8550,浙江省,14,黄门,坎门街道,169.0,28.07,121.2361,106004.0,10.6,4,10.6
198,台州市,玉环市,K8556,浙江省,14,苔山塘,清港镇,13.0,28.2742,121.2564,38028.0,3.8,28,3.8
199,台州市,玉环市,K8557,浙江省,14,坎门污水,坎门街道,5.0,28.1092,121.2956,84007.0,8.4,7,8.4
200,台州市,玉环市,K8558,浙江省,14,垟根村,清港镇,7.0,28.2631,121.3233,41076.0,4.1,76,4.1
201,台州市,玉环市,K8560,浙江省,14,城中村,玉城街道,4.0,28.1625,121.2331,57066.0,5.7,66,5.7
202,台州市,玉环市,K8565,浙江省,14,灵门渔港,沙门镇,32.0,28.2322,121.4056,69051.0,6.9,51,6.9
203,台州市,玉环市,K8566,浙江省,14,栈台渔港,干江镇,48.0,28.1408,121.3567,75036.0,7.5,36,7.5
204,台州市,临海市,K8601,浙江省,14,杜桥,杜桥镇,7.0,28.7667,121.4869,23355.0,2.3,355,2.3
205,台州市,临海市,K8602,浙江省,14,涌泉,涌泉镇,8.0,28.7569,121.3186,42062.0,4.2,62,4.2
206,台州市,临海市,K8603,浙江省,14,白水洋,白水洋镇,41.0,28.8992,120.9047,30022.0,3.0,22,3.0
207,台州市,临海市,K8604,浙江省,14,东塍,东塍镇,39.0,28.9286,121.2622,30043.0,3.0,43,3.0
208,台州市,临海市,K8605,浙江省,14,河头,河头镇,47.0,29.0006,121.1142,42134.0,4.2,134,4.2
209,台州市,临海市,K8606,浙江省,14,尤溪,尤溪镇,17.0,28.7425,121.1011,29303.0,2.9,303,2.9
210,台州市,临海市,K8607,浙江省,14,汛桥,汛桥镇,11.0,28.795,121.1706,14097.0,1.4,97,1.4
211,台州市,临海市,K8608,浙江省,14,牛头山,邵家渡街道,14.0,28.84,121.2647,16312.0,1.6,312,1.6
212,台州市,临海市,K8609,浙江省,16,小芝,小芝镇,82.0,28.8522,121.4519,26015.0,2.6,15,2.6
213,台州市,临海市,K8610,浙江省,14,南门坑,桃渚镇,13.0,28.8372,121.6631,44274.0,4.4,274,4.4
214,台州市,临海市,K8611,浙江省,16,白沙,上盘镇,37.0,28.7128,121.6378,49355.0,4.9,355,4.9
215,台州市,临海市,K8614,浙江省,14,汇溪,汇溪镇,58.3,28.9578,121.2131,7353.0,0.7,353,0.7
216,台州市,临海市,K8615,浙江省,14,江南,江南街道,11.0,28.7844,121.1203,27333.0,2.7,333,2.7
217,台州市,临海市,K8616,浙江省,14,沿江,沿江镇,9.0,28.7461,121.2358,23342.0,2.3,342,2.3
218,台州市,临海市,K8617,浙江省,14,大田,大田镇,8.0,28.9044,121.2022,28348.0,2.8,348,2.8
219,台州市,临海市,K8618,浙江省,14,永丰,永丰镇,13.0,28.8731,121.0228,16033.0,1.6,33,1.6
220,台州市,临海市,K8619,浙江省,14,羊岩山,河头镇,615.0,28.9789,121.1497,79128.0,7.9,128,7.9
221,台州市,临海市,K8620,浙江省,14,桃渚,桃渚镇,18.0,28.8086,121.5797,50002.0,5.0,2,5.0
222,台州市,临海市,K8621,浙江省,14,医化园区,杜桥镇,15.0,28.6933,121.5458,62008.0,6.2,8,6.2
223,台州市,临海市,K8622,浙江省,14,两桥,古城街道,11.0,28.8717,121.0797,31183.0,3.1,183,3.1
224,台州市,临海市,K8623,浙江省,14,安桥,白水洋镇,113.0,28.98,120.9153,13353.0,1.3,353,1.3
225,台州市,临海市,K8624,浙江省,14,里梅,白水洋镇,180.0,29.0153,120.9958,17145.0,1.7,145,1.7
226,台州市,临海市,K8625,浙江省,14,大洋,永丰镇,89.0,28.9336,121.0011,22105.0,2.2,105,2.2
227,台州市,临海市,K8626,浙江省,14,岭脚金,尤溪镇,66.0,28.69,121.0725,9223.0,0.9,223,0.9
228,台州市,临海市,K8627,浙江省,14,头门,上盘镇,49.0,28.6911,121.7594,99021.0,9.9,21,9.9
229,台州市,临海市,K8628,浙江省,14,白水洋小学,白水洋镇,45.0,28.9,120.8944,28000.0,2.8,0,2.8
230,台州市,临海市,K8629,浙江省,14,雀儿岙,上盘镇,54.0,28.8097,121.8475,91024.0,9.1,24,9.1
231,台州市,临海市,K8630,浙江省,14,田岙岛,上盘镇,51.0,28.7431,121.8481,82028.0,8.2,28,8.2
232,台州市,临海市,K8640,浙江省,14,上白岩,尤溪镇,756.4,28.7292,120.9675,39347.0,3.9,347,3.9
233,台州市,临海市,K8641,浙江省,14,小溪,江南街道,10.0,28.7822,121.1153,27331.0,2.7,331,2.7
234,台州市,临海市,K8642,浙江省,14,岭上村,邵家渡街道,146.0,28.8244,121.2322,47336.0,4.7,336,4.7
235,台州市,临海市,K8643,浙江省,14,安基山,白水洋镇,804.0,29.0,120.9667,66059.0,6.6,59,6.6
236,台州市,临海市,K8644,浙江省,14,红树林,小芝镇,137.0,28.8933,121.3694,28036.0,2.8,36,2.8
237,台州市,临海市,K8646,浙江省,14,南岙,邵家渡街道,60.0,28.8483,121.3367,35157.0,3.5,157,3.5
238,台州市,临海市,K8647,浙江省,14,上西辽,汇溪镇,533.0,29.0053,121.2608,48030.0,4.8,30,4.8
239,台州市,临海市,K8648,浙江省,14,乌岩岙,小芝镇,270.0,28.9103,121.4022,31037.0,3.1,37,3.1
240,台州市,临海市,K8649,浙江省,14,临港,杜桥镇,10.0,28.7136,121.5781,50355.0,5.0,355,5.0
241,台州市,临海市,K8650,浙江省,14,大竹山,上盘镇,33.0,28.7158,121.7297,106039.0,10.6,39,10.6
242,台州市,临海市,K8651,浙江省,14,桥东,上盘镇,10.0,28.7092,121.7539,101354.0,10.1,354,10.1
243,台州市,临海市,K8652,浙江省,14,桥西,上盘镇,10.0,28.7181,121.7117,91357.0,9.1,357,9.1
244,台州市,临海市,K8655,浙江省,14,里潘,杜桥镇,30.0,28.7589,121.5583,78049.0,7.8,49,7.8
245,台州市,临海市,K8656,浙江省,14,山安,汇溪镇,413.0,29.0058,121.1697,36087.0,3.6,87,3.6
246,台州市,临海市,K8657,浙江省,14,城西中学,括苍镇,36.0,28.8572,120.9875,13074.0,1.3,74,1.3
247,台州市,临海市,K8658,浙江省,14,北泽岛,桃渚镇,69.0,28.9017,121.7525,77331.0,7.7,331,7.7
248,台州市,临海市,K8659,浙江省,14,北固山,古城街道,55.0,28.855,121.1114,37114.0,3.7,114,3.7
249,台州市,临海市,K8661,浙江省,14,古城,古城街道,7.7,28.8519,121.1328,30070.0,3.0,70,3.0
250,台州市,临海市,K8662,浙江省,14,白岩茶场,东塍镇,510.0,28.9542,121.4164,80039.0,8.0,39,8.0
251,台州市,临海市,K8663,浙江省,14,沿岸,永丰镇,20.0,28.9672,121.0675,40053.0,4.0,53,4.0
252,台州市,临海市,K8664,浙江省,14,茶山,邵家渡街道,144.0,28.8739,121.2828,18264.0,1.8,264,1.8
253,台州市,椒江区,K8666,浙江省,14,大陈强风,大陈镇,88.0,28.4517,121.9033,98056.0,9.8,56,9.8
254,台州市,临海市,K8668,浙江省,14,康谷小学,东塍镇,80.0,28.9314,121.3914,29352.0,2.9,352,2.9
255,台州市,临海市,K8669,浙江省,14,兰田山,涌泉镇,525.0,28.8219,121.3711,44057.0,4.4,57,4.4
256,台州市,临海市,K8670,浙江省,14,方溪水库,括苍镇,120.0,28.8025,121.0,29078.0,2.9,78,2.9
257,台州市,临海市,K8671,浙江省,14,岙陈,东塍镇,210.0,28.88,121.2947,27144.0,2.7,144,2.7
258,台州市,临海市,K8672,浙江省,14,桐坑,东塍镇,480.0,28.9008,121.3364,66057.0,6.6,57,6.6
259,台州市,临海市,K8673,浙江省,14,洞港,桃渚镇,6.0,28.8528,121.6708,51251.0,5.1,251,5.1
260,台州市,临海市,K8674,浙江省,14,临海西,永丰镇,22.0,28.8697,121.0464,39103.0,3.9,103,3.9
261,台州市,临海市,K8675,浙江省,14,括苍枢纽,括苍镇,39.0,28.87,120.9656,34108.0,3.4,108,3.4
262,台州市,临海市,K8678,浙江省,14,满塘村,永丰镇,167.0,28.9325,121.095,19038.0,1.9,38,1.9
263,台州市,临海市,K8682,浙江省,14,岭根村,东塍镇,236.0,28.9547,121.3808,16323.0,1.6,323,1.6
264,台州市,临海市,K8683,浙江省,14,溪口水库,杜桥镇,25.0,28.7858,121.4106,40343.0,4.0,343,4.0
265,台州市,临海市,K8690,浙江省,14,龙泉村,白水洋镇,454.0,28.9664,120.9056,15188.0,1.5,188,1.5
266,台州市,临海市,K8691,浙江省,14,许墅村,古城街道,56.0,28.8864,121.0811,14330.0,1.4,330,1.4
267,台州市,天台县,K8701,浙江省,14,白鹤,白鹤镇,331.0,29.2597,120.9633,3208.0,0.3,208,0.3
268,台州市,天台县,K8702,浙江省,14,街头,街头镇,113.0,29.1244,120.7933,8036.0,0.8,36,0.8
269,台州市,天台县,K8703,浙江省,14,华顶,石梁镇,1070.1,29.2547,121.0958,61107.0,6.1,107,6.1
270,台州市,天台县,K8704,浙江省,14,亭头,三合镇,55.0,29.0906,121.1014,37127.0,3.7,127,3.7
271,台州市,天台县,K8706,浙江省,16,南屏,南屏乡,223.8,29.0597,120.9656,12286.0,1.2,286,1.2
272,台州市,天台县,K8709,浙江省,14,紫凝山,平桥镇,443.0,29.0989,120.8569,16073.0,1.6,73,1.6
273,台州市,天台县,K8711,浙江省,14,泳溪,泳溪乡,167.0,29.1719,121.2222,9260.0,0.9,260,0.9
274,台州市,天台县,K8713,浙江省,14,龙皇堂,石梁镇,758.0,29.2431,121.0519,24108.0,2.4,108,2.4
275,台州市,天台县,K8714,浙江省,14,洪畴,洪畴镇,110.0,29.0678,121.1947,26156.0,2.6,156,2.6
276,台州市,天台县,K8717,浙江省,14,飞鹤,赤城街道,75.0,29.145,121.0372,11036.0,1.1,36,1.1
277,台州市,天台县,K8719,浙江省,14,西方洋,坦头镇,62.0,29.12,121.1022,29121.0,2.9,121,2.9
278,台州市,天台县,K8721,浙江省,14,桐柏,赤城街道,451.0,29.2069,121.0164,15196.0,1.5,196,1.5
279,台州市,天台县,K8722,浙江省,14,大雷山,雷峰乡,522.0,29.0003,120.8761,17159.0,1.7,159,1.7
280,台州市,天台县,K8723,浙江省,14,柱峰,龙溪乡,445.0,29.0231,120.77,19049.0,1.9,49,1.9
281,台州市,天台县,K8724,浙江省,14,职业中专,福溪街道,63.0,29.1381,121.0067,16239.0,1.6,239,1.6
282,台州市,天台县,K8725,浙江省,14,三合,三合镇,82.0,29.0881,121.1758,19099.0,1.9,99,1.9
283,台州市,天台县,K8726,浙江省,14,里石门,街头镇,248.0,29.0728,120.7303,32048.0,3.2,48,3.2
284,台州市,天台县,K8727,浙江省,14,苍山顶,坦头镇,918.0,29.1514,121.1528,54045.0,5.4,45,5.4
285,台州市,天台县,K8728,浙江省,14,慈圣,石梁镇,241.0,29.3106,121.0619,288.0,0.0,288,0.0
286,台州市,天台县,K8729,浙江省,14,黄龙水库,石梁镇,528.0,29.2242,121.14,23060.0,2.3,60,2.3
287,台州市,天台县,K8730,浙江省,14,天柱林场,龙溪乡,924.0,28.9558,120.8189,47104.0,4.7,104,4.7
288,台州市,天台县,K8740,浙江省,14,溪地,街头镇,133.0,29.0714,120.8411,9249.0,0.9,249,0.9
289,台州市,天台县,K8741,浙江省,14,岭下洋,白鹤镇,90.0,29.2036,120.9628,10349.0,1.0,349,1.0
290,台州市,天台县,K8746,浙江省,14,三州,三州乡,529.0,29.2264,120.8475,22004.0,2.2,4,2.2
291,台州市,天台县,K8747,浙江省,14,下陈胡,坦头镇,81.0,29.115,121.1244,39098.0,3.9,98,3.9
292,台州市,天台县,K8748,浙江省,14,后岸,街头镇,100.0,29.0786,120.8139,7180.0,0.7,180,0.7
293,台州市,天台县,K8749,浙江省,14,飞鹤山,赤城街道,92.0,29.1519,121.0433,12307.0,1.2,307,1.2
294,台州市,天台县,K8750,浙江省,14,茶坑,街头镇,256.0,29.0822,120.7117,2287.0,0.2,287,0.2
295,台州市,天台县,K8759,浙江省,14,新城,始丰街道,60.0,29.1539,120.99,13209.0,1.3,209,1.3
296,台州市,天台县,K8760,浙江省,14,始丰小学,始丰街道,61.0,29.1478,120.985,13290.0,1.3,290,1.3
297,台州市,天台县,K8761,浙江省,14,万年寺,白鹤镇,600.0,29.2733,121.0083,39353.0,3.9,353,3.9
298,台州市,天台县,K8762,浙江省,14,下洋村,石梁镇,340.0,29.3083,121.1458,11069.0,1.1,69,1.1
299,台州市,天台县,K8763,浙江省,14,寒风缺,石梁镇,790.0,29.2281,121.05,33352.0,3.3,352,3.3
300,台州市,天台县,K8768,浙江省,14,九遮山,街头镇,210.0,29.025,120.8392,7132.0,0.7,132,0.7
301,台州市,天台县,K8770,浙江省,14,左溪,白鹤镇,234.0,29.2889,120.915,40120.0,4.0,120,4.0
302,台州市,天台县,K8772,浙江省,14,大同,石梁镇,340.0,29.2933,121.1458,10040.0,1.0,40,1.0
303,台州市,天台县,K8773,浙江省,14,欢岙,坦头镇,290.0,29.185,121.105,14163.0,1.4,163,1.4
304,台州市,天台县,K8774,浙江省,14,下屋村,三州乡,387.0,29.2172,120.8017,12158.0,1.2,158,1.2
305,台州市,天台县,K8778,浙江省,14,外婆湾,泳溪乡,181.3,29.1558,121.205,6113.0,0.6,113,0.6
306,台州市,天台县,K8779,浙江省,14,云端花园,平桥镇,432.7,29.1042,120.8428,20047.0,2.0,47,2.0
307,台州市,天台县,K8780,浙江省,14,灵溪村,三合镇,133.0,29.0642,121.1475,19312.0,1.9,312,1.9
308,台州市,天台县,K8782,浙江省,14,白鹤小学,白鹤镇,124.0,29.2353,120.9428,7136.0,0.7,136,0.7
309,台州市,天台县,K8783,浙江省,14,现代农业园,平桥镇,80.0,29.1533,120.8561,9321.0,0.9,321,0.9
310,台州市,天台县,K8784,浙江省,14,西山头村,雷峰乡,197.0,29.0553,120.8917,11263.0,1.1,263,1.1
311,台州市,天台县,K8788,浙江省,14,县兰田,泳溪乡,276.0,29.1342,121.2089,18296.0,1.8,296,1.8
312,台州市,天台县,K8789,浙江省,14,周家楼,平桥镇,313.0,29.155,120.7336,2072.0,0.2,72,0.2
313,台州市,天台县,K8791,浙江省,14,抽蓄电站,泳溪乡,285.0,29.1472,121.1806,28027.0,2.8,27,2.8
314,台州市,天台县,K8799,浙江省,14,玉湖,始丰街道,67.2,29.1458,120.9881,14277.0,1.4,277,1.4
315,台州市,三门县,K8801,浙江省,14,亭旁,亭旁镇,108.0,29.0436,121.3403,31070.0,3.1,70,3.1
316,台州市,三门县,K8802,浙江省,14,三角塘,浦坝港镇,25.0,28.9381,121.7144,60308.0,6.0,308,6.0
317,台州市,三门县,K8803,浙江省,14,蛇蟠,蛇蟠乡,5.0,29.1619,121.5706,30327.0,3.0,327,3.0
318,台州市,三门县,K8805,浙江省,14,横渡,横渡镇,52.0,29.0117,121.5094,18215.0,1.8,215,1.8
319,台州市,三门县,K8806,浙江省,14,百两岗,亭旁镇,466.0,28.9839,121.3986,40037.0,4.0,37,4.0
320,台州市,三门县,K8807,浙江省,14,高枧,珠岙镇,80.0,29.05,121.2208,34092.0,3.4,92,3.4
321,台州市,三门县,K8808,浙江省,14,山场村,浦坝港镇,34.0,28.8675,121.5128,24190.0,2.4,190,2.4
322,台州市,三门县,K8809,浙江省,14,花桥,花桥镇,21.0,28.9208,121.4714,18052.0,1.8,52,1.8
323,台州市,三门县,K8810,浙江省,14,健跳,健跳镇,13.0,29.0139,121.6083,23047.0,2.3,47,2.3
324,台州市,三门县,K8811,浙江省,14,浬浦,浦坝港镇,79.0,28.9711,121.5808,43035.0,4.3,35,4.3
325,台州市,三门县,K8812,浙江省,14,叶家村,海润街道,51.0,29.0675,121.4881,7193.0,0.7,193,0.7
326,台州市,三门县,K8813,浙江省,14,鹤井村,浦坝港镇,53.0,28.8758,121.6383,60000.0,6.0,0,6.0
327,台州市,三门县,K8814,浙江省,14,珠岙,珠岙镇,120.0,29.0744,121.2789,35051.0,3.5,51,3.5
328,台州市,三门县,K8815,浙江省,14,沙柳,沙柳街道,36.0,29.1522,121.4575,19214.0,1.9,214,1.9
329,台州市,三门县,K8816,浙江省,14,农业园,健跳镇,9.0,29.1039,121.6006,28287.0,2.8,287,2.8
330,台州市,三门县,K8817,浙江省,14,悬诸,海游街道,87.0,29.0753,121.405,17248.0,1.7,248,1.7
331,台州市,三门县,K8818,浙江省,16,佃石,亭旁镇,138.0,29.0025,121.3147,47358.0,4.7,358,4.7
332,台州市,三门县,K8819,浙江省,14,板樟山,沙柳街道,211.0,29.1586,121.3514,10254.0,1.0,254,1.0
333,台州市,三门县,K8820,浙江省,14,滨海新城,海润街道,14.0,29.1236,121.48,25205.0,2.5,205,2.5
334,台州市,三门县,K8821,浙江省,16,浦坝港,浦坝港镇,7.2,28.9269,121.5833,33351.0,3.3,351,3.3
335,台州市,三门县,K8822,浙江省,14,下南山,沙柳街道,214.0,29.1508,121.3683,18357.0,1.8,357,1.8
336,台州市,三门县,K8823,浙江省,14,农气基地,健跳镇,9.0,29.1086,121.5767,34253.0,3.4,253,3.4
337,台州市,三门县,K8824,浙江省,14,东屏村,横渡镇,24.0,29.0089,121.4683,15109.0,1.5,109,1.5
338,台州市,三门县,K8825,浙江省,14,龙山,健跳镇,60.0,29.0667,121.6792,53347.0,5.3,347,5.3
339,台州市,三门县,K8826,浙江省,14,扩塘山,浦坝港镇,43.0,28.8911,121.6617,45295.0,4.5,295,4.5
340,台州市,三门县,K8828,浙江省,14,枧头村,亭旁镇,415.0,29.0244,121.3881,21336.0,2.1,336,2.1
341,台州市,三门县,K8829,浙江省,14,吴岙,珠岙镇,71.0,29.0544,121.2419,29106.0,2.9,106,2.9
342,台州市,三门县,K8840,浙江省,14,林场,海游街道,627.0,29.0492,121.4242,26009.0,2.6,9,2.6
343,台州市,三门县,K8841,浙江省,14,三门湾,健跳镇,22.0,29.1081,121.5811,33248.0,3.3,248,3.3
344,台州市,三门县,K8843,浙江省,14,毛石源,浦坝港镇,17.0,28.8961,121.5806,37319.0,3.7,319,3.7
345,台州市,三门县,K8844,浙江省,14,工业城,浦坝港镇,11.0,28.9178,121.6681,32028.0,3.2,28,3.2
346,台州市,三门县,K8845,浙江省,14,海游港,健跳镇,45.0,29.105,121.5181,27171.0,2.7,171,2.7
347,台州市,三门县,K8846,浙江省,14,罗岙水库,健跳镇,28.0,29.0544,121.5444,36308.0,3.6,308,3.6
348,台州市,三门县,K8847,浙江省,14,西城,海游街道,20.0,29.1206,121.3617,25010.0,2.5,10,2.5
349,台州市,三门县,K8848,浙江省,14,小岭下,浦坝港镇,5.0,28.9442,121.6722,54028.0,5.4,28,5.4
350,台州市,三门县,K8849,浙江省,14,后周,沙柳街道,130.0,29.1578,121.4103,19254.0,1.9,254,1.9
351,台州市,三门县,K8850,浙江省,14,后郭,海游街道,206.0,29.0881,121.3217,32053.0,3.2,53,3.2
352,台州市,三门县,K8860,浙江省,14,三门岛,浦坝港镇,12.0,28.9647,121.7919,77359.0,7.7,359,7.7
353,台州市,三门县,K8862,浙江省,14,五子岛,浦坝港镇,12.0,29.0056,121.7608,58025.0,5.8,25,5.8
354,台州市,三门县,K8872,浙江省,14,五峙山,浦坝港镇,14.0,28.9111,121.7244,75347.0,7.5,347,7.5
355,台州市,三门县,K8874,浙江省,14,竹墩村,珠岙镇,304.0,29.0242,121.2556,23033.0,2.3,33,2.3
356,台州市,三门县,K8875,浙江省,14,邵下村,亭旁镇,136.0,29.0694,121.3683,42066.0,4.2,66,4.2
357,台州市,三门县,K8876,浙江省,14,王家村,海润街道,120.0,29.1314,121.4242,16173.0,1.6,173,1.6
358,台州市,三门县,K8877,浙江省,14,珠港村,健跳镇,9.0,29.0703,121.6053,23257.0,2.3,257,2.3
359,台州市,三门县,K8878,浙江省,14,芝岙村,花桥镇,40.0,28.9269,121.5261,26343.0,2.6,343,2.6
360,台州市,三门县,K8886,浙江省,14,小蛇,蛇蟠乡,8.0,29.1531,121.5469,25234.0,2.5,234,2.5
361,台州市,三门县,K8887,浙江省,14,铺岩,珠岙镇,206.0,29.1061,121.2956,23328.0,2.3,328,2.3
362,台州市,三门县,K8888,浙江省,14,挂帘,亭旁镇,318.0,28.9547,121.3558,26032.0,2.6,32,2.6
363,台州市,三门县,K8889,浙江省,14,健跳港,健跳镇,67.0,29.0325,121.6267,22249.0,2.2,249,2.2
364,台州市,仙居县,K8901,浙江省,14,白塔,白塔镇,106.0,28.7256,120.5786,15066.0,1.5,66,1.5
365,台州市,仙居县,K8902,浙江省,14,横溪,横溪镇,116.0,28.7289,120.4772,56121.0,5.6,121,5.6
366,台州市,仙居县,K8903,浙江省,16,朱溪,朱溪镇,116.1,28.7181,120.7936,6356.0,0.6,356,0.6
367,台州市,仙居县,K8904,浙江省,14,广度,广度乡,650.0,28.9464,120.7519,14264.0,1.4,264,1.4
368,台州市,仙居县,K8905,浙江省,14,六亩田,上张乡,568.0,28.6214,120.7147,18345.0,1.8,345,1.8
369,台州市,仙居县,K8907,浙江省,14,大陈,埠头镇,318.0,28.8503,120.5117,1056.0,0.1,56,0.1
370,台州市,仙居县,K8908,浙江省,14,柯思,田市镇,137.0,28.6639,120.6708,28201.0,2.8,201,2.8
371,台州市,仙居县,K8910,浙江省,16,雅溪,湫山乡,261.8,28.6981,120.3361,77145.0,7.7,145,7.7
372,台州市,仙居县,K8911,浙江省,14,淡竹,淡竹乡,105.0,28.6719,120.5706,14046.0,1.4,46,1.4
373,台州市,仙居县,K8912,浙江省,14,溪港,溪港乡,219.0,28.5736,120.3961,1354.0,0.1,354,0.1
374,台州市,仙居县,K8916,浙江省,14,安岭,安岭乡,488.0,28.5608,120.3333,25248.0,2.5,248,2.5
375,台州市,仙居县,K8917,浙江省,14,下各,下各镇,142.0,28.8397,120.8778,45023.0,4.5,23,4.5
376,台州市,仙居县,K8919,浙江省,14,对山,大战乡,513.0,28.7606,120.775,20113.0,2.0,113,2.0
377,台州市,仙居县,K8920,浙江省,14,山岙,横溪镇,553.0,28.7794,120.4283,82.0,0.0,82,0.0
378,台州市,仙居县,K8921,浙江省,14,蓄能站,湫山乡,568.0,28.6411,120.4119,181.0,0.0,181,0.0
379,台州市,仙居县,K8922,浙江省,14,工业园区,福应街道,70.0,28.8794,120.8328,60056.0,6.0,56,6.0
380,台州市,仙居县,K8923,浙江省,14,俞坑,淡竹乡,406.0,28.5494,120.5878,9214.0,0.9,214,0.9
381,台州市,仙居县,K8924,浙江省,14,谷坦,官路镇,535.0,28.8783,120.6025,17023.0,1.7,23,1.7
382,台州市,仙居县,K8925,浙江省,14,南峰,南峰街道,48.0,28.825,120.7467,39080.0,3.9,80,3.9
383,台州市,仙居县,K8926,浙江省,14,湫山,湫山乡,134.0,28.6983,120.4433,331.0,0.0,331,0.0
384,台州市,仙居县,K8927,浙江省,14,四小,安洲街道,75.0,28.8728,120.7306,45220.0,4.5,220,4.5
385,台州市,仙居县,K8928,浙江省,14,永狮,官路镇,81.0,28.8119,120.6328,32046.0,3.2,46,3.2
386,台州市,仙居县,K8929,浙江省,14,茶溪,白塔镇,86.0,28.775,120.5811,44060.0,4.4,60,4.4
387,台州市,仙居县,K8942,浙江省,14,朱坑里,淡竹乡,420.0,28.6042,120.6542,16062.0,1.6,62,1.6
388,台州市,仙居县,K8945,浙江省,14,青尖山,福应街道,824.0,28.9164,120.7275,52061.0,5.2,61,5.2
389,台州市,仙居县,K8946,浙江省,14,公盂,田市镇,650.0,28.6392,120.6425,12280.0,1.2,280,1.2
390,台州市,仙居县,K8947,浙江省,14,垟庄,横溪镇,95.0,28.7831,120.5061,17084.0,1.7,84,1.7
391,台州市,仙居县,K8948,浙江省,14,上蓄能,湫山乡,680.0,28.6453,120.4169,40147.0,4.0,147,4.0
392,台州市,仙居县,K8949,浙江省,14,天顶茶场,上张乡,870.0,28.6258,120.8078,79017.0,7.9,17,7.9
393,台州市,仙居县,K8950,浙江省,14,西陆,下各镇,103.0,28.8228,120.8483,24353.0,2.4,353,2.4
394,台州市,仙居县,K8951,浙江省,14,苍岭西,横溪镇,351.0,28.7628,120.3233,11340.0,1.1,340,1.1
395,台州市,仙居县,K8952,浙江省,14,西炉,步路乡,85.0,28.7969,120.6969,33072.0,3.3,72,3.3
396,台州市,仙居县,K8970,浙江省,14,芭蕉坑,湫山乡,260.0,28.6594,120.3575,10192.0,1.0,192,1.0
397,台州市,仙居县,K8971,浙江省,14,银地,横溪镇,639.0,28.8133,120.475,28191.0,2.8,191,2.8
398,台州市,仙居县,K8972,浙江省,14,牛脚,湫山乡,553.0,28.6286,120.4378,21049.0,2.1,49,2.1
399,台州市,仙居县,K8973,浙江省,14,船山,南峰街道,185.0,28.8183,120.7011,51076.0,5.1,76,5.1
400,台州市,仙居县,K8974,浙江省,14,苍岭东,横溪镇,216.0,28.7522,120.4072,18000.0,1.8,0,1.8
401,台州市,仙居县,K8975,浙江省,14,路口,安洲街道,576.0,28.8928,120.6878,33.0,0.0,33,0.0
402,台州市,仙居县,K8976,浙江省,14,景星岩,白塔镇,252.0,28.7125,120.6536,16304.0,1.6,304,1.6
403,台州市,仙居县,K8977,浙江省,14,厚仁村,白塔镇,79.0,28.7769,120.6022,42054.0,4.2,54,4.2
404,台州市,仙居县,K8978,浙江省,14,双峰隧道南,埠头镇,406.0,28.8714,120.4986,22135.0,2.2,135,2.2
405,台州市,仙居县,K8979,浙江省,14,括苍隧道北,田市镇,229.0,28.6342,120.6733,24073.0,2.4,73,2.4
406,台州市,仙居县,K8980,浙江省,14,神仙居,淡竹乡,844.0,28.6794,120.6036,57000.0,5.7,0,5.7
407,台州市,仙居县,K8981,浙江省,14,三角地,福应街道,647.0,28.9275,120.7975,60191.0,6.0,191,6.0
408,台州市,仙居县,K8982,浙江省,14,金竹寺,朱溪镇,514.0,28.6328,120.9031,44163.0,4.4,163,4.4
409,台州市,仙居县,K8984,浙江省,14,祝家辽,广度乡,837.0,28.9644,120.6733,17327.0,1.7,327,1.7
410,台州市,仙居县,K8985,浙江省,14,下岸水库,溪港乡,220.0,28.6053,120.4003,42355.0,4.2,355,4.2
411,台州市,仙居县,K8989,浙江省,14,横路丁,福应街道,57.0,28.8922,120.8597,83051.0,8.3,51,8.3
412,台州市,仙居县,K8990,浙江省,14,杨丰山,朱溪镇,508.0,28.7483,120.7892,41007.0,4.1,7,4.1
413,台州市,仙居县,K8991,浙江省,14,四联村,安岭乡,772.0,28.5458,120.3572,28096.0,2.8,96,2.8
414,台州市,仙居县,K8992,浙江省,14,大园村,溪港乡,456.0,28.4783,120.4031,22031.0,2.2,31,2.2
415,台州市,仙居县,K8995,浙江省,14,长岗山,双庙乡,643.0,28.7786,120.9033,63344.0,6.3,344,6.3
416,台州市,仙居县,K8996,浙江省,14,十都英,埠头镇,108.0,28.7481,120.5086,45181.0,4.5,181,4.5
417,台州市,仙居县,K8997,浙江省,14,杨岸,湫山乡,204.0,28.6997,120.3706,55046.0,5.5,46,5.5
418,台州市,仙居县,K8998,浙江省,14,岭上村,朱溪镇,178.3,28.6592,120.8308,15197.0,1.5,197,1.5
419,台州市,仙居县,K8999,浙江省,14,秧田村,横溪镇,421.0,28.8106,120.4383,20189.0,2.0,189,2.0
420,台州市,黄岩区,KJ209,浙江省,14,上郑,上郑乡,115.0,28.5997,120.9311,13118.0,1.3,118,1.3
421,台州市,黄岩区,KJ213,浙江省,14,乌岩头,宁溪镇,321.0,28.6225,120.9417,17275.0,1.7,275,1.7
422,台州市,黄岩区,KJ215,浙江省,14,富北,富山乡,678.0,28.5494,120.8708,30042.0,3.0,42,3.0
423,台州市,黄岩区,KJ216,浙江省,14,北山,富山乡,647.0,28.5294,120.8717,44132.0,4.4,132,4.4
424,台州市,黄岩区,KJ217,浙江省,14,屿头,屿头乡,38.0,28.6356,121.0111,22050.0,2.2,50,2.2
425,台州市,临海市,KJ607,浙江省,14,柱岩林场,括苍镇,821.0,28.8197,120.9439,28196.0,2.8,196,2.8
426,台州市,临海市,KJ608,浙江省,14,红脚岩,桃渚镇,28.0,28.8322,121.6825,63332.0,6.3,332,6.3
427,台州市,临海市,KJ611,浙江省,14,跑马坪,括苍镇,1255.0,28.7853,120.9142,67111.0,6.7,111,6.7
428,台州市,临海市,KJ617,浙江省,14,永丰中心校,永丰镇,17.0,28.88,121.0403,16002.0,1.6,2,1.6
429,台州市,仙居县,KJ918,浙江省,14,皤滩,皤滩乡,121.0,28.7347,120.5256,62093.0,6.2,93,6.2
