,Province,City,Cnty,Town,Lat,Lon,Height,Stationlevl,StationName,IIIII,tmax,tmin,rain,rainhour,view,wind,windave
0,浙江省,台州市,玉环市,鸡山乡,28.0922,121.4039,30,14,大鹿岛,K8506,28.7,26.4,0,0,999999,14.7,8.3
1,浙江省,台州市,临海市,东塍镇,28.9547,121.3808,236,14,岭根村,K8682,34.7,24.8,0,0,999999,4.2,2.2
2,浙江省,台州市,三门县,浦坝港镇,28.9753,121.6486,41,14,里陈坑,K8880,34.3,27.2,0,0,999999,999999,999999
3,浙江省,台州市,黄岩区,头陀镇,28.6711,121.1006,208,14,东岭头,K8260,34.7,24.9,0,0.1,999999,5.8,4.2
4,浙江省,台州市,临海市,尤溪镇,28.7425,121.1011,17,14,尤溪,K8606,37.6,26.1,0.1,0.1,999999,6.6,3.4
5,浙江省,台州市,三门县,浦坝港镇,29.0131,121.7056,60,13,牛山,58662,34.1,27.2,0,0,6938,10.7,8
6,浙江省,台州市,天台县,泳溪乡,29.1639,121.375,235,14,大柳溪,K8798,35.4,23.5,4.1,2.3,999999,999999,999999
7,浙江省,台州市,温岭市,温峤镇,28.3636,121.2439,30,14,青屿校区,K8466,33.3,27,0,0,14442,12.6,9.3
8,浙江省,台州市,三门县,花桥镇,28.9336,121.4381,290,14,银山村,K8868,34.1,25.1,0,0.3,999999,999999,999999
9,浙江省,台州市,三门县,海游街道,29.0492,121.4242,627,14,林场,K8840,32.8,23.4,0,0,999999,12.7,8.2
10,浙江省,台州市,温岭市,石塘镇,28.2144,121.6619,73,14,一蒜岛,K8487,27.6,25.4,0,0,8577,16,14.6
11,浙江省,台州市,黄岩区,茅畲乡,28.595,121.1314,29,14,茅畲,K8216,36.4,25.1,0.1,0.1,999999,7.9,6
12,浙江省,台州市,天台县,洪畴镇,29.0997,121.2433,409,14,东安隐,K8766,33.1,24.3,0.6,0.6,999999,999999,999999
13,浙江省,台州市,黄岩区,宁溪镇,28.56,120.9519,89,14,金岙,K8292,36.7,25.5,0,0,999999,999999,999999
14,浙江省,台州市,路桥区,金清镇,28.4875,121.4636,5,14,蒋桥,K8343,35.3,26.9,0,0,999999,9.6,6.5
15,浙江省,台州市,仙居县,白塔镇,28.7256,120.5786,106,14,白塔,K8901,36.7,25,21.9,15.9999,999999,10.1,7.1
16,浙江省,台州市,天台县,坦头镇,29.185,121.105,290,14,欢岙,K8773,35.5,24.2,2,0.2,999999,7.7,5.1
17,浙江省,台州市,天台县,白鹤镇,29.2733,121.0083,600,14,万年寺,K8761,32.4,22.2,4.9,4.3999,999999,9.3,5.1
18,浙江省,台州市,三门县,浦坝港镇,28.9111,121.7244,14,14,五峙山,K8872,30,27.1,0,0,21208,16.8,13.9
19,浙江省,台州市,仙居县,横溪镇,28.7794,120.4283,553,14,山岙,K8920,38.5,23.8,0,0,999999,5.8,3
20,浙江省,台州市,椒江区,洪家街道,28.6181,121.4164,4.6,12,洪家,58665,35.3,28.3,0,0,19346,11.4,6.6
21,浙江省,台州市,仙居县,田市镇,28.6639,120.6708,137,14,柯思,K8908,36.8,24.5,0,0,999999,7.7,4.6
22,浙江省,台州市,仙居县,白塔镇,28.775,120.5811,86,14,茶溪,K8929,37.2,25.5,14,9,482,999999,3.8
23,浙江省,台州市,黄岩区,院桥镇,28.5575,121.2686,7,14,沙门店,K8223,34.4,27.8,0,0,999999,8.6,5.9
24,浙江省,台州市,临海市,邵家渡街道,28.8244,121.2322,146,14,岭上村,K8642,34.4,25.6,0,0.1,999999,9.1,6.4
25,浙江省,台州市,天台县,街头镇,29.0822,120.7117,256,14,茶坑,K8750,35.6,23.5,32.7,32,999999,5.7,3.6
26,浙江省,台州市,天台县,始丰街道,29.1539,120.99,60,14,新城,K8759,37,25.8,0.1,0.1,999999,8.2,4.2
27,浙江省,台州市,温岭市,滨海镇,28.4769,121.6092,5,14,伍佰屿,K8462,31.7,27,0,0,999999,14.4,11.3
28,浙江省,台州市,仙居县,上张乡,28.6258,120.8078,870,14,天顶茶场,K8949,32.4,22.4,0,0,999999,8.2,5.4
29,浙江省,台州市,临海市,括苍镇,28.7483,120.9744,582,14,黄家寮,K8612,33.3,23.5,0,0,999999,999999,999999
30,浙江省,台州市,椒江区,三甲街道,28.59,121.5361,3,14,烟草中心,K8122,33.9,27.8,0,0,999999,11.7,7.2
31,浙江省,台州市,三门县,横渡镇,29.0117,121.5094,52,14,横渡,K8805,38,25.1,0.1,0.3,999999,8.7,6.1
32,浙江省,台州市,临海市,杜桥镇,28.7858,121.4106,25,14,溪口水库,K8683,35.1,26.2,2.6,2.3999,999999,6.8,4.4
33,浙江省,台州市,温岭市,城北街道,28.4572,121.3997,34,14,城北,K8424,33.7,27.5,0,0,999999,12.4,8.9
34,浙江省,台州市,温岭市,滨海镇,28.4506,121.5589,5,16,滨海,K8413,31.8,27.1,0,0,3418,14.4,10.8
35,浙江省,台州市,仙居县,湫山乡,28.6453,120.4169,680,14,上蓄能,K8948,32.8,24.1,0.1,0.1,999999,6.4,5
36,浙江省,台州市,路桥区,金清镇,28.5556,121.5392,5,14,路桥高速,K8322,33.9,27.4,0,0,5965,10.2,6.9
37,浙江省,台州市,临海市,东塍镇,28.9286,121.2622,39,14,东塍,K8604,36.6,26,0.8,0.8,999999,6.3,3.7
38,浙江省,台州市,临海市,大田街道,28.9531,121.1308,177,14,山里村,K8686,37.4,25.3,0,0,999999,999999,999999
39,浙江省,台州市,椒江区,章安街道,28.7061,121.3672,5,14,江北药业,K8127,36.1,27.3,0,0.7,999999,8.2,5
40,浙江省,台州市,天台县,赤城街道,29.1519,121.0433,92,14,飞鹤山,K8749,36.9,24.3,7.6,7.1999,999999,7.2,4.5
41,浙江省,台州市,仙居县,淡竹乡,28.6794,120.6036,844,14,神仙居,K8980,32.6,23.1,6.9,3.1,999999,999999,9
42,浙江省,台州市,温岭市,大溪镇,28.4989,121.2019,407,14,仰天湖,K8432,999999,999999,999999,999999,999999,999999,999999
43,浙江省,台州市,天台县,龙溪乡,29.0228,120.77,445,14,柱峰,K8735,999999,999999,999999,999999,999999,999999,999999
44,浙江省,台州市,温岭市,泽国镇,28.5297,121.3078,210,14,黄茅山,K8402,33.2,26.1,0,0,999999,13.3,9.7
45,浙江省,台州市,临海市,汛桥镇,28.795,121.1706,11,14,汛桥,K8607,37.2,25.5,0.1,0.1,999999,5.3,2.6
46,浙江省,台州市,路桥区,峰江街道,28.5189,121.3761,5,14,保全小学,K8321,35.3,28.2,0,0,999999,9.5,5.4
47,浙江省,台州市,临海市,桃渚镇,28.8528,121.6708,6,14,洞港,K8673,32.8,27.9,0,0,999999,12,8.8
48,浙江省,台州市,仙居县,埠头镇,28.7481,120.5086,108,14,十都英,K8996,36.8,25.1,0.6,1.4,999999,999999,5.8
49,浙江省,台州市,三门县,健跳镇,29.1081,121.5811,22,14,三门湾,K8841,35.8,27.1,0.1,0.1,2326,8.4,5.3
50,浙江省,台州市,天台县,石梁镇,29.2281,121.05,790,14,寒风缺,K8763,32.7,22,0,0,999999,6,3.5
51,浙江省,台州市,玉环市,坎门街道,28.0775,121.2708,95.9,12,玉环,58667,28.8,26.3,0,0,17392,13.2,8.8
52,浙江省,台州市,临海市,尤溪镇,28.7053,121.0289,243,14,下涨村,KJ603,34.5,24.4,0,0,999999,999999,999999
53,浙江省,台州市,三门县,浦坝港镇,28.8961,121.5806,17,14,毛石源,K8843,36.4,27.3,0,0,6874,12.2,8.6
54,浙江省,台州市,黄岩区,上垟乡,28.5225,120.9789,180,14,黄杜岙,K8289,36.4,25,0.2,0.1,999999,999999,999999
55,浙江省,台州市,临海市,白水洋镇,29.0003,120.9667,804,14,安基山,K8635,999999,999999,999999,999999,999999,999999,999999
56,浙江省,台州市,临海市,白水洋镇,28.9,120.8944,45,14,白水洋小学,K8628,37.1,25.9,0,0,999999,5,3.1
57,浙江省,台州市,黄岩区,南城街道,28.6125,121.2672,20,14,十里铺,K8227,36.3,27.3,0,0,999999,9,6.9
58,浙江省,台州市,仙居县,横溪镇,28.7286,120.4772,116,14,横溪,K8933,999999,999999,999999,999999,999999,999999,999999
59,浙江省,台州市,温岭市,新河镇,28.4894,121.4331,10,14,高桥小学,K8443,35.3,27.6,0,0,999999,9.6,5.1
60,浙江省,台州市,天台县,平桥镇,29.2011,120.8997,112,14,屯桥,K8720,35.2,25.1,0.5,0.3,999999,9.4,6.9
61,浙江省,台州市,三门县,沙柳街道,29.1586,121.3514,211,14,板樟山,K8819,34.5,24.7,0,0,999999,5.5,3.8
62,浙江省,台州市,仙居县,上张乡,28.6214,120.7147,568,14,六亩田,K8905,33.9,24.9,0,0,999999,8,4.6
63,浙江省,台州市,仙居县,安岭乡,28.5608,120.3333,488,14,安岭,K8916,35.5,24.2,2.7,2.5999,999999,7.5,5.3
64,浙江省,台州市,天台县,南屏乡,29.0597,120.9656,223.8,16,南屏,K8706,34.2,24,8.6,8.1999,999999,13.1,8.2
65,浙江省,台州市,椒江区,白云街道,28.6547,121.4189,27,14,赤龙,K8001,36.2,28.5,0,0,999999,8.3,5.3
66,浙江省,台州市,黄岩区,上郑乡,28.5983,120.82,988,14,东亚山庄,K8270,30.6,21.1,0,0,999999,999999,7.7
67,浙江省,台州市,黄岩区,头陀镇,28.6742,121.1369,16,14,头陀,K8205,38.4,24.6,0,0,813,6.5,3.8
68,浙江省,台州市,仙居县,埠头镇,28.8714,120.4986,406,14,双峰隧道南,K8978,38.4,23.7,3.9,3.8999,999999,999999,6.2
69,浙江省,台州市,临海市,东塍镇,28.9403,121.3542,325,14,麻山村,KJ601,35,24.4,0,0,999999,999999,999999
70,浙江省,台州市,临海市,小芝镇,28.8933,121.3694,137,14,红树林,K8644,36,24.5,0.1,0.1,999999,6.6,3.8
71,浙江省,台州市,温岭市,石桥头镇,28.3494,121.4606,8.6,14,石桥头,K8401,31.8,27.6,0,0,999999,12.6,8.5
72,浙江省,台州市,临海市,古城街道,28.855,121.1114,55,14,北固山,K8659,35.3,27.3,5.6,4.9999,999999,6.8,5.6
73,浙江省,台州市,温岭市,大溪镇,28.4553,121.2419,25,14,双溪村,K8469,34.2,27.8,0,0,999999,999999,999999
74,浙江省,台州市,黄岩区,宁溪镇,28.5867,120.965,151,16,宁溪,K8282,37.5,25.3,0,0,999999,6.7,4.4
75,浙江省,台州市,黄岩区,屿头乡,28.6522,121.0108,160,14,上凤,K8208,37.3,25.2,0,0,999999,7.9,5.3
76,浙江省,台州市,黄岩区,富山乡,28.5428,120.9233,554,14,双西,KJ205,33.7,24,0.1,0.1,999999,999999,999999
77,浙江省,台州市,天台县,南屏乡,29.0703,120.9281,390,14,翠西村,K8785,34.9,23.5,15.9,13.9,999999,999999,999999
78,浙江省,台州市,仙居县,广度乡,28.9464,120.7519,650,14,广度,K8904,33.4,23.2,2.4,2.1,999999,6,3.1
79,浙江省,台州市,温岭市,坞根镇,28.3339,121.2178,18,14,东门村,K8476,34.1,27.8,0,0,999999,999999,999999
80,浙江省,台州市,黄岩区,北洋镇,28.6528,121.0689,53,14,联丰,K8250,36.4,25,0.1,0.1,999999,999999,999999
81,浙江省,台州市,三门县,健跳镇,29.1086,121.5767,9,14,农气基地,K8823,35.8,26.7,0,0,999999,999999,6.1
82,浙江省,台州市,椒江区,下陈街道,28.6239,121.4308,4,14,横河陈,K8135,34.7,28,0,0,999999,10.3,7.2
83,浙江省,台州市,仙居县,淡竹乡,28.5494,120.5878,406,14,俞坑,K8923,35.1,24,0,0,999999,5.4,3.6
84,浙江省,台州市,临海市,永丰镇,28.9672,121.0675,20,14,沿岸,K8663,37.1,25.4,2.7,2.6,999999,3.5,2.6
85,浙江省,台州市,黄岩区,茅畲乡,28.5467,121.0956,306,14,鸟山,K8278,33.8,24.5,0,0,999999,999999,999999
86,浙江省,台州市,三门县,浦坝港镇,28.8567,121.5758,13,14,念寺塘,K8885,36.9,27.3,0,0,999999,999999,999999
87,浙江省,台州市,黄岩区,宁溪镇,28.6225,120.9417,321,14,乌岩头,KJ213,35,24.8,0,0,999999,5.5,4.2
88,浙江省,台州市,黄岩区,东城街道,28.6694,121.2539,8,14,科技学院,K8218,36.2,26.7,0,0,999999,9.1,5.5
89,浙江省,台州市,温岭市,大溪镇,28.4822,121.3236,9,14,火车站,K8422,36.3,28.1,0,0,999999,9,4.6
90,浙江省,台州市,临海市,白水洋镇,29,120.9667,804,14,安基山,K8643,30.2,23,0.1,0.1,999999,9.6,7.1
91,浙江省,台州市,临海市,白水洋镇,29.0264,120.9786,182,14,大泛村,K8677,35.4,24.2,0.1,0.1,999999,999999,999999
92,浙江省,台州市,黄岩区,茅畲乡,28.5692,121.1114,41,14,西泉,K8294,34.7,25.2,0,0,999999,999999,999999
93,浙江省,台州市,温岭市,横峰街道,28.4331,121.3353,48,14,横屿山,K8449,35.2,27.5,0,0,999999,13.3,10.1
94,浙江省,台州市,温岭市,松门镇,28.4125,121.6617,55,14,九洞门,K8415,30.6,26.5,0,0,999999,16.5,12.8
95,浙江省,台州市,黄岩区,富山乡,28.5294,120.8717,647,14,北山,KJ216,32.2,23.1,0.1,0.1,999999,7.9,5.3
96,浙江省,台州市,天台县,坦头镇,29.12,121.1022,62,14,西方洋,K8719,39.4,24.7,8.1,1.5,313,16.8,10.6
97,浙江省,台州市,温岭市,温峤镇,28.3619,121.2825,46,14,岭脚村,K8420,33.6,27.3,0,0,999999,11.9,7.6
98,浙江省,台州市,仙居县,横溪镇,28.8133,120.475,639,14,银地,K8971,34.9,23.5,0,0,999999,999999,6.8
99,浙江省,台州市,温岭市,松门镇,28.3647,121.6156,8,14,礁山渔港,K8486,30.9,27,0,0,999999,13.7,10.5
100,浙江省,台州市,路桥区,桐屿街道,28.6261,121.3372,10,14,埠头堂,K8342,34.7,27,0,0,999999,999999,999999
101,浙江省,台州市,黄岩区,上垟乡,28.4861,121.0247,185,14,前思岙,K8274,34.3,24.1,0.1,0.1,999999,6.6,3.8
102,浙江省,台州市,三门县,海润街道,29.0806,121.4425,67,14,大岙山,K8881,36.5,25,0,0,999999,999999,999999
103,浙江省,台州市,临海市,小芝镇,28.8522,121.4519,82,16,小芝,K8609,36.7,26.2,0.2,0.2,999999,6.9,4.6
104,浙江省,台州市,仙居县,横溪镇,28.8106,120.4383,421,14,秧田村,K8999,34.4,23.3,0,0,999999,999999,3.8
105,浙江省,台州市,椒江区,大陈镇,28.4514,121.9033,89.1,11,大陈,58666,28,25.4,0,0,5823,14.8,12
106,浙江省,台州市,黄岩区,沙埠镇,28.5481,121.1744,43,14,沙埠,K8203,34.1,25.5,0,0,999999,7.1,5.5
107,浙江省,台州市,玉环市,沙门镇,28.2419,121.4161,140,14,大圆头,K8544,31.7,26,0,0,999999,13.2,7.9
108,浙江省,台州市,三门县,珠岙镇,29.05,121.2208,80,14,高枧,K8807,37,25.1,0.1,0.1,2547,8.9,6.1
109,浙江省,台州市,玉环市,芦浦镇,28.195,121.2103,4,14,分水山,K8522,33.8,27.9,0,0,12257,6.7,3.6
110,浙江省,台州市,温岭市,石塘镇,28.2311,121.6356,95,14,三蒜,K8425,28.3,25.5,0,0,3045,14.4,11.7
111,浙江省,台州市,温岭市,温峤镇,28.3892,121.2886,10,14,陈家宅,K8485,34.5,27.7,0,0,999999,999999,999999
112,浙江省,台州市,温岭市,箬横镇,28.4111,121.5644,6,14,粮食功能区,K8426,29.9,26.8,0,0,999999,16.1,12.5
113,浙江省,台州市,椒江区,葭沚街道,28.6386,121.3522,205,14,绿心,K8031,999999,999999,999999,999999,999999,999999,999999
114,浙江省,台州市,路桥区,路北街道,28.5753,121.3503,5,14,路桥,K8301,36,27.9,0,0,999999,7.6,4.2
115,浙江省,台州市,三门县,珠岙镇,29.0242,121.2556,304,14,竹墩村,K8874,35.1,25,0,0,999999,8.6,5.4
116,浙江省,台州市,路桥区,金清镇,28.4914,121.5986,6,14,金清渔港,K8348,31,27,0,0,999999,15.7,13.5
117,浙江省,台州市,临海市,河头镇,29.0422,121.1561,417,14,山上叶,K8699,33.3,23.9,0.2,0.2,999999,999999,999999
118,浙江省,台州市,黄岩区,东城街道,28.6625,121.28,45,14,气象大楼,K8201,34.9,27.7,0,0,12423,12.5,7.3
119,浙江省,台州市,临海市,白水洋镇,29.0058,120.9836,467,14,丁公园村,K8679,34,23.7,0.1,0.1,999999,999999,999999
120,浙江省,台州市,仙居县,湫山乡,28.6594,120.3575,260,14,芭蕉坑,K8970,38.5,23.7,0,0,999999,999999,4.2
121,浙江省,台州市,天台县,平桥镇,29.155,120.7336,313,14,周家楼,K8789,33.1,23,19.9,11.6,999999,3.7,2.7
122,浙江省,台州市,天台县,始丰街道,29.1528,120.9706,107.6,12,天台,58559,35.5,25.3,0.2,0.1,513,13.7,11.1
123,浙江省,台州市,黄岩区,屿头乡,28.6772,120.9861,126,14,大田,K8298,36.6,25,0,0,999999,999999,999999
124,浙江省,台州市,黄岩区,澄江街道,28.62,121.1472,21,14,临古,K8277,36.2,25.2,0,0,999999,5.9,4.1
125,浙江省,台州市,三门县,浦坝港镇,28.9381,121.7144,25,14,三角塘,K8802,31,27.6,0,0,14294,12.4,8.7
126,浙江省,台州市,椒江区,大陈镇,28.4964,121.9056,55,14,上大陈,K8110,32.4,25.2,0,0,999999,15.1,12.8
127,浙江省,台州市,黄岩区,头陀镇,28.6242,121.1458,14,14,元同溪闸,K8248,35.8,25.7,0,0,999999,6.9,5.3
128,浙江省,台州市,黄岩区,平田乡,28.5753,121.0769,646,14,黄毛山,K8230,30.6,23.1,0,0,999999,9.5,6
129,浙江省,台州市,椒江区,前所街道,28.6944,121.4744,30,14,二桥,K8111,35.5,27.9,0,0,10366,13.8,10.3
130,浙江省,台州市,路桥区,蓬街镇,28.5783,121.4925,4,14,蓬东,K8345,33.6,26.6,0,0,999999,9.7,7.4
131,浙江省,台州市,椒江区,章安街道,28.7081,121.3967,5,14,大桥,K8106,34.9,26.3,1.8,1.9,569,7.3,4.4
132,浙江省,台州市,临海市,永丰镇,28.88,121.0403,17,14,永丰中心校,KJ617,36.4,26.4,4.7,4.2999,999999,6.2,3.6
133,浙江省,台州市,玉环市,龙溪乡,28.1961,121.3092,48,14,花岩浦,K8510,32,27.1,0,0,6728,12.7,10.3
134,浙江省,台州市,三门县,亭旁镇,28.9547,121.3558,318,14,挂帘,K8888,34.6,24.8,0,0,999999,6.2,4.6
135,浙江省,台州市,温岭市,石塘镇,28.2464,121.6039,25,14,石塘渔港,K8407,27.7,25.9,0,0,3861,13.6,11.9
136,浙江省,台州市,天台县,洪畴镇,29.0678,121.1947,110,14,洪畴,K8714,35.5,25.1,0.3,0.3,999999,11.4,7.4
137,浙江省,台州市,三门县,亭旁镇,28.9839,121.3986,466,14,百两岗,K8806,33.6,24.1,0,0,999999,8.2,6.1
138,浙江省,台州市,仙居县,安洲街道,28.8728,120.7306,75,14,四小,K8927,37.7,25.9,0.2,0.1,999999,4.7,3.2
139,浙江省,台州市,黄岩区,上垟乡,28.5617,121.0181,37,14,董岙村,K8276,37.1,25.8,0,0,999999,999999,7.7
140,浙江省,台州市,黄岩区,富山乡,28.5325,120.8467,479,14,决要,K8257,33.8,23.8,0,0,999999,999999,999999
141,浙江省,台州市,仙居县,步路乡,28.7969,120.6969,85,14,西炉,K8952,37.3,25.4,19.6,12,999999,10.2,5.1
142,浙江省,台州市,黄岩区,黄岩屿头乡,28.6503,120.9594,112,14,兴安村,K8275,36.9,25.7,0,0,999999,999999,4.4
143,浙江省,台州市,临海市,汇溪镇,29.0058,121.1697,413,14,山安,K8656,32.8,24.5,0,0,999999,8.4,5.8
144,浙江省,台州市,黄岩区,高桥街道,28.5844,121.2314,45,14,高桥,K8214,35.1,26.1,0,0,999999,8.1,4.3
145,浙江省,台州市,椒江区,三甲街道,28.6186,121.5228,3,14,雷达站,K8114,34.5,27.9,0,0,9939,10,6.2
146,浙江省,台州市,天台县,石梁镇,29.2431,121.0519,758,14,龙皇堂,K8713,32.7,22.4,0.5,0.4,999999,6.6,3.8
147,浙江省,台州市,临海市,括苍镇,28.8197,120.9439,821,14,柱岩林场,KJ607,31.9,22.6,1.2,1.2,999999,6.1,3.7
148,浙江省,台州市,仙居县,皤滩乡,28.6644,120.5092,222,14,金坑口,K8987,35.8,23.7,0,0,999999,999999,999999
149,浙江省,台州市,椒江区,白云街道,28.6856,121.4328,5,14,江滨公园,K8141,37.7,28.3,0,0,999999,9.2,5.5
150,浙江省,台州市,临海市,尤溪镇,28.6961,121.0086,323,14,仲料坑,KJ604,35.1,23.8,0,0,999999,999999,999999
151,浙江省,台州市,玉环市,沙门镇,28.2222,121.3753,3,14,吊船湾,K8530,32.3,27.5,0,0,13125,10.6,7.7
152,浙江省,台州市,仙居县,下各镇,28.8397,120.8778,142,14,下各,K8917,37.4,25.3,0.3,0.3,999999,7.5,5
153,浙江省,台州市,椒江区,前所街道,28.6967,121.4897,13,14,涛江闸,K8103,34.7,28.2,0,0,999999,12.5,8.9
154,浙江省,台州市,路桥区,横街镇,28.5278,121.4456,5,14,横街,K8302,36.9,26.9,0,0,999999,8.3,5.6
155,浙江省,台州市,路桥区,横街镇,28.5358,121.4328,6,14,横街小学,K8323,35,27.8,0,0,999999,8,4.7
156,浙江省,台州市,椒江区,海虹街道,28.65,121.5119,3,14,污水厂,K8113,35.3,27.5,0,0,999999,8.9,5.6
157,浙江省,台州市,三门县,沙柳街道,29.1578,121.4103,130,14,后周,K8849,36.2,25.6,0,0,999999,5.4,3.9
158,浙江省,台州市,天台县,街头镇,29.0714,120.8411,133,14,溪地备份,K8771,35.6,24,56.7,38.3999,999999,999999,7
159,浙江省,台州市,黄岩区,江口街道,28.6956,121.3256,10,14,江心屿,K8228,36.1,26.5,0,0,999999,9.1,5.8
160,浙江省,台州市,路桥区,金清镇,28.5081,121.5872,5,14,农垦场,K8312,32.2,26.9,0,0,999999,13.7,8.8
161,浙江省,台州市,黄岩区,北城街道,28.685,121.2867,15,14,王林村,K8241,35.9,26.9,0,0,999999,999999,999999
162,浙江省,台州市,仙居县,广度乡,28.9644,120.6733,837,14,祝家辽,K8984,32,21.2,1.9,1.7,999999,999999,5.1
163,浙江省,台州市,黄岩区,宁溪镇,28.5775,120.97,76,14,上前垟,K8297,36.3,25.6,0.1,0.1,999999,999999,999999
164,浙江省,台州市,温岭市,温峤镇,28.3922,121.3036,5,14,前洋下,K8482,35.1,28,0,0,999999,999999,999999
165,浙江省,台州市,温岭市,城东街道,28.4119,121.3767,5,14,城东,K8423,35.5,28.7,0,0,999999,7.3,3.7
166,浙江省,台州市,仙居县,官路镇,28.8783,120.6025,535,14,谷坦,K8924,35.3,23.4,13.6,13.2999,999999,5.4,4.1
167,浙江省,台州市,天台县,街头镇,29.0714,120.8411,133,14,溪地,K8740,35.5,24,52.3,34.7,999999,11.9,7
168,浙江省,台州市,仙居县,横溪镇,28.7628,120.3233,351,14,苍岭西,K8951,36.9,24.3,0,0,4537,6.6,2.2
169,浙江省,台州市,三门县,珠岙镇,29.0531,121.2931,43,14,樟树下,K8871,36.6,25.2,0,0,999999,999999,999999
170,浙江省,台州市,黄岩区,宁溪镇,28.5925,120.9811,58,14,下周,K8291,37.3,25.9,0,0,999999,999999,999999
171,浙江省,台州市,温岭市,箬横镇,28.4222,121.6081,7,14,东海塘,K8409,30.3,26.7,0,0,502,15.7,12.6
172,浙江省,台州市,仙居县,南峰街道,28.825,120.7467,48,14,南峰,K8925,37.7,25.8,4.1,2.6999,999999,5.4,3.9
173,浙江省,台州市,温岭市,新河镇,28.4586,121.4111,22,14,金路村,K8471,34.5,27.9,0,0,999999,999999,999999
174,浙江省,台州市,椒江区,章安街道,28.76,121.3928,45,14,李宅,K8128,34.4,25.4,1.2,0.8,999999,8.7,6
175,浙江省,台州市,天台县,坦头镇,29.1511,121.1525,918,14,苍山顶,K8738,999999,999999,999999,999999,999999,999999,999999
176,浙江省,台州市,温岭市,泽国镇,28.4894,121.3794,10,14,泽国,K8429,35.2,28,0,0,999999,10.4,6.3
177,浙江省,台州市,仙居县,埠头镇,28.8044,120.545,317,14,山皇塘,K8986,37.2,24.5,0,0,999999,999999,999999
178,浙江省,台州市,温岭市,松门镇,28.3344,121.6244,3,14,大交陈,K8481,31.3,26.8,0,0,999999,999999,999999
179,浙江省,台州市,天台县,坦头镇,29.1111,121.1156,67,14,坦头,K8712,37.4,25.6,14.2,13.6,999999,999999,999999
180,浙江省,台州市,椒江区,三甲街道,28.6194,121.5092,3,14,新佳果,K8109,32.8,26.7,0,0,999999,9.8,7.8
181,浙江省,台州市,天台县,石梁镇,29.2547,121.0958,1070.1,14,华顶,K8703,30.4,21.9,999999,999999,999999,11.4,9.6
182,浙江省,台州市,临海市,上盘镇,28.7189,121.9156,96,13,东矶,58663,28.9,24.2,0,0,4965,21,16.6
183,浙江省,台州市,仙居县,朱溪镇,28.6592,120.8308,178.3,14,岭上村,K8998,35.2,24.1,0,0,999999,999999,2.5
184,浙江省,台州市,玉环市,大麦屿街道,28.0467,121.1631,236,14,大岩头,K8545,33.2,25.1,0,0,999999,14.8,9.9
185,浙江省,台州市,玉环市,经济开发区,28.2211,121.2411,2,14,新城绿道,K8563,34.6,27.8,0,0,999999,999999,999999
186,浙江省,台州市,玉环市,清港镇,28.2569,121.2867,18,14,清港,K8501,32.9,28.4,0,0,999999,9.6,6.2
187,浙江省,台州市,天台县,街头镇,29.0786,120.8139,100,14,后岸,K8748,34.4,24.9,34.8,14.4,999999,14.9,10.8
188,浙江省,台州市,路桥区,金清镇,28.5506,121.6422,25,14,鹁鸪嘴,K8316,31.6,26.5,0,0,17365,19.9,15.7
189,浙江省,台州市,黄岩区,上垟乡,28.4964,121.0122,247,14,上下吉,K8295,34.8,24.7,0,0,999999,999999,999999
190,浙江省,台州市,温岭市,大溪镇,28.4992,121.2019,407,14,太湖山,K8414,31,24.6,0,0,999999,13.1,8.7
191,浙江省,台州市,仙居县,上张乡,28.6161,120.7961,750,14,苗辽,K8914,35.4,23.8,0,0,999999,0,0
192,浙江省,台州市,天台县,龙溪乡,29.0003,120.7953,410,14,下辽坑,K8786,33.9,23,6.3,2.7999,999999,999999,999999
193,浙江省,台州市,仙居县,朱溪镇,28.7483,120.7892,508,14,杨丰山,K8990,34.3,24.2,1.2,1.2,999999,999999,5
194,浙江省,台州市,黄岩区,沙埠镇,28.5686,121.1567,84,14,下园,K8284,35.1,25.1,0,0,999999,999999,999999
195,浙江省,台州市,温岭市,箬横镇,28.4156,121.4511,185,14,花芯,K8416,32.6,26.3,0,0,999999,7.6,4.3
196,浙江省,台州市,温岭市,太平街道,28.3747,121.3969,6,14,温岭中学,K8463,34.7,27.8,0,0,999999,7.2,4.6
197,浙江省,台州市,临海市,杜桥镇,28.6933,121.5458,15,14,医化园区,K8621,34.3,27.9,0,0,999999,10.8,9.2
198,浙江省,台州市,黄岩区,宁溪镇,28.5917,120.9753,150,14,宁溪备份,K8202,37.2,25.5,0.1,0.1,999999,7,4.5
199,浙江省,台州市,仙居县,朱溪镇,28.7181,120.7936,116.1,16,朱溪,K8903,37.7,24.8,0,0,999999,6.7,5.6
200,浙江省,台州市,黄岩区,上垟乡,28.5325,121.0017,63,14,下方,K8264,37,25.7,0.1,0.1,999999,5.8,3.6
201,浙江省,台州市,椒江区,海门街道,28.6625,121.5108,3,13,椒江口,58661,35.9,27.1,0,0,11438,9.9,7.6
202,浙江省,台州市,仙居县,湫山乡,28.6983,120.4433,134,14,湫山,K8926,38.6,24.8,0,0,999999,9.2,6.2
203,浙江省,台州市,临海市,白水洋镇,28.9664,120.9056,454,14,龙泉村,K8690,34,24.3,0,0,999999,10,6.1
204,浙江省,台州市,温岭市,箬横镇,28.345,121.4997,10,14,东浦,K8444,30.5,27,0,0,999999,13.8,8.9
205,浙江省,台州市,温岭市,横峰街道,28.4475,121.3258,5,14,横峰,K8406,34.8,28,0,0,999999,15,8.9
206,浙江省,台州市,临海市,东塍镇,28.88,121.2947,210,14,岙陈,K8671,34,24.9,0,0,999999,5.6,4.2
207,浙江省,台州市,天台县,石梁镇,29.2581,121.0911,950,14,华顶,K8737,999999,999999,999999,999999,999999,999999,999999
208,浙江省,台州市,玉环市,坎门街道,28.1092,121.2956,5,14,坎门污水,K8557,29.8,27.1,0,0,999999,15.5,13
209,浙江省,台州市,临海市,永丰镇,28.9325,121.095,167,14,满塘村,K8678,35.7,24.5,0.1,0.1,999999,3.5,1.9
210,浙江省,台州市,温岭市,石塘镇,28.3039,121.6469,20,14,隔海岛,K8448,28.9,26.6,0,0,999999,16.3,12
211,浙江省,台州市,椒江区,大陈镇,28.4517,121.9033,88,14,大陈强风,K8666,27.6,25.4,0,0,999999,16.7,12
212,浙江省,台州市,仙居县,溪港乡,28.4783,120.4031,456,14,大园村,K8992,34.2,24.4,0.1,0.5,999999,999999,4.8
213,浙江省,台州市,黄岩区,上垟乡,28.5342,121.0394,57,14,岭脚,K8286,36,25.4,0.1,0.1,999999,999999,999999
214,浙江省,台州市,三门县,蛇蟠乡,29.1619,121.5706,5,14,蛇蟠,K8803,37.2,27.2,0,0,999999,999999,5.8
215,浙江省,台州市,仙居县,田市镇,28.6392,120.6425,650,14,公盂,K8946,32.9,23.9,0.5,0.4,999999,8.4,5.3
216,浙江省,台州市,临海市,上盘镇,28.7181,121.7117,10,14,桥西,K8652,29.1,26.6,999999,999999,999999,15,13.3
217,浙江省,台州市,温岭市,大溪镇,28.4203,121.2428,464,14,方山,K8431,999999,999999,999999,999999,999999,999999,999999
218,浙江省,台州市,临海市,河头镇,29.04,121.1208,389,14,岭上蒋村,K8687,34.9,24.1,4.5,3.7999,999999,999999,999999
219,浙江省,台州市,椒江区,下陈街道,28.5931,121.4592,4,14,下陈,K8107,36.1,27,0,0,999999,9.8,6.9
220,浙江省,台州市,黄岩区,宁溪镇,28.5272,120.9522,121,14,牌门,K8225,35.8,25.4,0.2,0.1,999999,9.5,5.5
221,浙江省,台州市,温岭市,大溪镇,28.4206,121.2428,464,14,方山,K8417,29.2,24.1,0,0,999999,19.6,10
222,浙江省,台州市,仙居县,官路镇,28.8119,120.6328,81,14,永狮,K8928,37.7,25.1,9.5,8.0999,999999,6.2,4.1
223,浙江省,台州市,玉环市,芦浦镇,28.1983,121.2414,98,14,芦浦,K8511,35,26.7,0,0,999999,11.6,8.3
224,浙江省,台州市,黄岩区,江口街道,28.6903,121.3275,7,14,江口,K8212,37,27,0,0,999999,7.9,5.1
225,浙江省,台州市,仙居县,湫山乡,28.6981,120.3361,261.8,16,雅溪,K8910,37.4,23.2,0,0,999999,8.3,5.5
226,浙江省,台州市,温岭市,新河镇,28.4467,121.4375,25,14,屿头村,K8473,35.4,27.5,0,0,999999,999999,999999
227,浙江省,台州市,天台县,福溪街道,29.0694,121.0575,53,14,滩岭,K8716,37.6,25,13.4,13.2,999999,7.1,3.2
228,浙江省,台州市,温岭市,城南镇,28.325,121.4075,30,14,城南小学,K8446,32.7,27.1,0,0,999999,11.1,8.1
229,浙江省,台州市,天台县,平桥镇,29.1447,120.8625,76,14,下王,K8708,36.4,24.9,1.5,0.9,999999,8.4,6.1
230,浙江省,台州市,温岭市,大溪镇,28.4539,121.3058,10,14,潘郎小学,K8460,34.5,27.8,0,0,999999,13.2,9.6
231,浙江省,台州市,黄岩区,富山乡,28.5356,120.9131,710,14,富山,K8232,999999,999999,999999,999999,999999,999999,999999
232,浙江省,台州市,仙居县,福应街道,28.9275,120.7975,647,14,三角地,K8981,32,23.3,0,0,999999,999999,5.1
233,浙江省,台州市,路桥区,新桥镇,28.5169,121.3983,5,14,金大田,K8346,35.1,27.8,0,0,999999,10.8,6.6
234,浙江省,台州市,玉环市,玉城街道,28.1256,121.2369,6,14,玉城,K8505,33.8,27.8,0,0,999999,9.5,5.4
235,浙江省,台州市,路桥区,峰江街道,28.5486,121.3681,10,14,峰江,K8310,35.8,27.4,0,0,999999,999999,9.6
236,浙江省,台州市,天台县,三合镇,29.0881,121.1758,82,14,三合,K8725,35.7,25,15,15,999999,12.3,7.5
237,浙江省,台州市,椒江区,大陈镇,28.6086,121.8156,50,14,一江山,K8116,29.1,25.6,0,0,20395,19.4,13.5
238,浙江省,台州市,温岭市,城南镇,28.2861,121.3994,32,14,岙环,K8410,32.8,27.5,0,0,999999,11.2,7.5
239,浙江省,台州市,临海市,永丰镇,29.0144,121.0297,417,14,方家岭,K8698,34.7,23.4,0.1,0.1,999999,999999,999999
240,浙江省,台州市,临海市,古城街道,28.8519,121.1328,7.7,14,古城,K8661,36.9,27.7,3.1,3.0999,999999,4.9,3.1
241,浙江省,台州市,临海市,江南街道,28.7822,121.1153,10,14,小溪,K8641,36.7,25.2,0.2,0.1,999999,5.6,3.6
242,浙江省,台州市,路桥区,桐屿街道,28.6175,121.3067,25,14,凉溪,K8331,999999,999999,999999,999999,999999,999999,999999
243,浙江省,台州市,仙居县,湫山乡,28.6286,120.4378,553,14,牛脚,K8972,35.1,23.9,0,0,999999,999999,4.3
244,浙江省,台州市,天台县,泳溪乡,29.1558,121.205,181.3,14,外婆湾,K8778,36.2,23.3,2.9,2.8999,999999,7.6,5.6
245,浙江省,台州市,温岭市,松门镇,28.3711,121.5664,2,14,松门,K8404,31,26.8,0,0,999999,12.2,8.4
246,浙江省,台州市,仙居县,湫山乡,28.6411,120.4119,568,14,蓄能站,K8921,37.5,24.6,0,0,999999,6.8,1.8
247,浙江省,台州市,仙居县,步路乡,28.7564,120.6883,272,14,连山村,K8993,35.3,24.7,14.6,9.4999,999999,999999,999999
248,浙江省,台州市,黄岩区,宁溪镇,28.5508,120.9828,127,14,中下桧,K8293,37.6,25.1,0.1,0.1,999999,999999,999999
249,浙江省,台州市,玉环市,干江镇,28.1886,121.3475,158,14,垟岭村,K8548,28.4,25.9,0,0,999999,0,0
250,浙江省,台州市,黄岩区,平田乡,28.5597,121.0511,44,14,桐里岙,K8263,35.6,24.9,0,0,999999,8.1,5.6
251,浙江省,台州市,温岭市,新河镇,28.4361,121.4358,30,14,长屿,K8442,34.4,26.9,0,0,999999,8.5,4.1
252,浙江省,台州市,黄岩区,上郑乡,28.5844,120.8853,172,14,圣堂,K8267,35.8,25.4,0,0,999999,9.2,6.5
253,浙江省,台州市,临海市,白水洋镇,29.0153,120.9958,180,14,里梅,K8624,37.2,23.9,0,0,999999,9,6.7
254,浙江省,台州市,天台县,石梁镇,29.3083,121.1458,340,14,下洋村,K8762,35.7,23.4,0,0,999999,5.9,3.8
255,浙江省,台州市,仙居县,白塔镇,28.7769,120.6022,79,14,厚仁村,K8977,36.4,25.3,21.1,15.6,999999,999999,12.4
256,浙江省,台州市,三门县,花桥镇,28.9269,121.5261,40,14,芝岙村,K8878,37.6,27,0,0,999999,9.9,6.8
257,浙江省,台州市,仙居县,福应街道,28.8922,120.8597,57,14,横路丁,K8989,38.2,25.4,0,0,999999,999999,6
258,浙江省,台州市,临海市,上盘镇,28.7092,121.7539,10,14,桥东,K8651,28.6,26.4,999999,999999,999999,14.5,12.9
259,浙江省,台州市,临海市,大田镇,28.9044,121.2022,8,14,大田,K8617,36.6,26.4,1.7,1.7,999999,5.4,3.4
260,浙江省,台州市,临海市,白水洋镇,28.9783,120.9169,141,14,大岙西,K8684,35.4,25.2,0,0,999999,999999,999999
261,浙江省,台州市,黄岩区,上郑乡,28.5769,120.8894,195,14,下庙,KJ202,36.2,25,0,0,999999,999999,999999
262,浙江省,台州市,天台县,三州乡,29.2172,120.8017,387,14,下屋村,K8774,33.6,23,14.9,9.6,999999,999999,4.4
263,浙江省,台州市,椒江区,海门街道,28.6781,121.5119,20,14,台州湾大桥,K8120,34.1,27.7,999999,999999,999999,14,11.4
264,浙江省,台州市,路桥区,路南街道,28.5553,121.4222,4,14,机场,K8307,35.1,28,0,0,999999,11.9,9
265,浙江省,台州市,温岭市,松门镇,28.4317,121.6581,66,14,北港,K8445,31,26.3,0,0,999999,20.5,17.5
266,浙江省,台州市,黄岩区,澄江街道,28.6322,121.1736,12,16,澄江,K8217,37.9,25.6,0.1,0.1,1305,7,3.7
267,浙江省,台州市,玉环市,干江镇,28.1664,121.3717,145,14,干江,K8502,31.9,25.4,0,0,9971,12.4,9.3
268,浙江省,台州市,天台县,赤城街道,29.145,121.0372,75,14,飞鹤,K8717,36.4,25.6,8,7.4999,999999,3.7,2.3
269,浙江省,台州市,三门县,海润街道,29.1236,121.48,14,14,滨海新城,K8820,36.6,25.6,0,0,1997,5.2,3.6
270,浙江省,台州市,黄岩区,上郑乡,28.6136,120.8792,283,14,仙石,KJ201,36.9,24.9,0,0,999999,999999,999999
271,浙江省,台州市,黄岩区,澄江街道,28.6303,121.1672,8,14,山头舟,K8268,36.3,25.7,0,0,999999,999999,999999
272,浙江省,台州市,黄岩区,上郑乡,28.5997,120.9311,115,14,上郑,KJ209,37.5,25.9,0,0,999999,5.3,3.9
273,浙江省,台州市,椒江区,葭沚街道,28.6331,121.3572,10,14,台州植物园,K8137,34.4,27.3,0,0,999999,12.1,8.1
274,浙江省,台州市,黄岩区,上郑乡,28.5597,120.8456,541,14,抱料,K8256,30.8,23.6,0,0,999999,999999,999999
275,浙江省,台州市,玉环市,玉城街道,28.1733,121.1492,136,14,江岩村,K8549,30.7,26.2,0,0,999999,13.5,8.8
276,浙江省,台州市,玉环市,玉城街道,28.1667,121.1903,3,14,西滩,K8561,33.7,27.8,0,0,999999,999999,999999
277,浙江省,台州市,三门县,花桥镇,28.9053,121.5181,3,14,吴都,K8882,37.2,25.9,0.3,0.3,999999,999999,999999
278,浙江省,台州市,临海市,沿江镇,28.7461,121.2358,9,14,沿江,K8616,35.4,26,0,0.2,999999,5.6,3.5
279,浙江省,台州市,临海市,括苍镇,28.7853,120.9142,1255,14,跑马坪,KJ611,28.3,20.7,2.2,2.1999,999999,9.9,8.2
280,浙江省,台州市,椒江区,洪家街道,28.5903,121.3997,11,14,挡港桥,K8115,36,28.4,0,0,999999,8.5,5
281,浙江省,台州市,路桥区,金清镇,28.5208,121.5478,3,14,联盟闸,K8325,34.3,27,0,0,999999,12.5,10.2
282,浙江省,台州市,路桥区,桐屿街道,28.6178,121.3067,25,14,凉溪,K8317,35.6,26.1,0,0,999999,7.3,5.4
283,浙江省,台州市,黄岩区,上垟乡,28.5172,121.0472,52,14,象岙,K8287,35.9,25.1,0.1,0.1,999999,999999,999999
284,浙江省,台州市,临海市,杜桥镇,28.7667,121.4869,7,14,杜桥,K8601,36.5,27.6,0.2,0.1,999999,7.5,4.6
285,浙江省,台州市,临海市,桃渚镇,28.8372,121.6631,13,14,南门坑,K8610,34.8,27.2,0,0,999999,10.6,6.2
286,浙江省,台州市,临海市,河头镇,29.0006,121.1142,47,14,河头,K8605,35.4,25.6,0.2,0.2,999999,7.6,5.7
287,浙江省,台州市,椒江区,前所街道,28.7058,121.4144,6,14,新民小学,K8191,37,28.3,0,0,999999,7.2,3.5
288,浙江省,台州市,临海市,汇溪镇,28.995,121.1936,325,14,溪王村,K8692,35.2,24.8,0,0,999999,999999,999999
289,浙江省,台州市,仙居县,淡竹乡,28.6042,120.6542,420,14,朱坑里,K8942,34,24.5,0,0,999999,6.3,4.5
290,浙江省,台州市,玉环市,鸡山乡,28.0958,121.52,121,13,披山,58668,29.7,25,0,0,308,14.3,11.4
291,浙江省,台州市,三门县,浦坝港镇,28.9383,121.6222,10,14,大域,K8884,35.9,27.2,0,0,999999,999999,999999
292,浙江省,台州市,玉环市,坎门街道,28.1,121.255,58,14,双龙村,K8547,33.5,27,0,0,999999,999999,999999
293,浙江省,台州市,临海市,汇溪镇,29.0053,121.2608,533,14,上西辽,K8647,32.7,23.8,0,0,999999,8.4,6.4
294,浙江省,台州市,三门县,浦坝港镇,28.9178,121.6681,11,14,工业城,K8844,34.7,27.9,0,0,999999,9,6
295,浙江省,台州市,路桥区,螺洋街道,28.5642,121.3083,5,14,东风村,K8318,34.7,27.3,0,0,7359,10.3,6.2
296,浙江省,台州市,路桥区,桐屿街道,28.5856,121.3344,5,14,桐屿,K8306,36.7,28.2,0,0,999999,8.1,3.7
297,浙江省,台州市,路桥区,桐屿街道,28.6044,121.3358,10,14,飞龙湖,K8324,35.2,28,0,0,999999,8.1,5.7
298,浙江省,台州市,玉环市,玉城街道,28.1625,121.2331,4,14,城中村,K8560,33.6,27.7,0,0,999999,8,4.4
299,浙江省,台州市,温岭市,大溪镇,28.5161,121.2917,37,14,翁岙村,K8470,34.6,27.8,0.1,0.1,999999,999999,999999
300,浙江省,台州市,黄岩区,屿头乡,28.7006,120.9442,617,14,布袋坑,K8259,34.4,23.3,0,0,999999,6,3.9
301,浙江省,台州市,温岭市,箬横镇,28.3989,121.5228,5,14,箬横,K8412,31.8,27.3,0,0,999999,11.8,5.6
302,浙江省,台州市,临海市,邵家渡街道,28.84,121.2647,14,14,牛头山,K8608,36.3,24.6,0.1,0.1,999999,8,4.9
303,浙江省,台州市,临海市,尤溪镇,28.7289,120.9675,720,14,上白岩,K8634,999999,999999,999999,999999,999999,999999,999999
304,浙江省,台州市,临海市,涌泉镇,28.8219,121.3711,525,14,兰田山,K8669,30.9,23.8,0,0.2,999999,9.1,7.3
305,浙江省,台州市,临海市,括苍镇,28.8025,121,120,14,方溪水库,K8670,37.1,25,0.6,0.6,999999,7.1,5
306,浙江省,台州市,仙居县,南峰街道,28.8183,120.7011,185,14,船山,K8973,36,25.3,10,5.9999,999999,999999,5
307,浙江省,台州市,临海市,河头镇,28.9789,121.1497,615,14,羊岩山,K8619,32.4,23.7,0,0,999999,8.7,6.1
308,浙江省,台州市,天台县,泳溪乡,29.1719,121.2222,167,14,泳溪,K8711,36.2,24,5.9,5.8999,999999,6.8,4.9
309,浙江省,台州市,三门县,海游街道,29.1206,121.3617,20,14,西城,K8847,35.9,25.8,0,0,999999,6.4,4.6
310,浙江省,台州市,天台县,石梁镇,29.3106,121.0619,241,14,慈圣,K8728,36,23.2,1.6,1.3,999999,8.4,4.8
311,浙江省,台州市,椒江区,大陈镇,28.4786,121.8731,37,14,上大陈码头,K8125,999999,999999,999999,999999,7129,999999,999999
312,浙江省,台州市,路桥区,桐屿街道,28.6014,121.3047,6,14,北大附中,K8330,36.2,27.4,0,0,999999,8.1,5.1
313,浙江省,台州市,三门县,浦坝港镇,28.9711,121.5808,79,14,浬浦,K8811,37.2,26,0.1,0.1,999999,7,3.3
314,浙江省,台州市,天台县,龙溪乡,29.0231,120.77,445,14,柱峰,K8723,33.6,23.2,14.4,9.1,999999,6.6,5
315,浙江省,台州市,椒江区,章安街道,28.7539,121.4047,21,14,马峙,K8104,35.3,26.5,3.7,3.5,999999,9.1,5.4
316,浙江省,台州市,三门县,浦坝港镇,28.9269,121.5833,7.2,16,浦坝港,K8821,35.4,27.3,0,0,6673,10.5,8.1
317,浙江省,台州市,黄岩区,宁溪镇,28.6122,120.9992,40,14,白鹭湾,K8229,35.8,25.8,0.1,0.1,999999,6.4,4.3
318,浙江省,台州市,玉环市,清港镇,28.3153,121.3458,332,14,大雷山,K8521,30.8,24.8,0,0,999999,10.6,6.6
319,浙江省,台州市,临海市,小芝镇,28.9103,121.4022,270,14,乌岩岙,K8648,33.2,24.7,0,0,999999,8.2,5.7
320,浙江省,台州市,三门县,沙柳街道,29.1522,121.4575,36,14,沙柳,K8815,37.2,25.9,0.1,0.1,999999,8.3,6.1
321,浙江省,台州市,仙居县,大战乡,28.8222,120.8103,102,14,过朗,K8983,38.4,25,0,0,999999,999999,0
322,浙江省,台州市,三门县,亭旁镇,29.0189,121.3144,58,14,下吴村,K8867,37.7,25,0,0,999999,999999,999999
323,浙江省,台州市,仙居县,安岭乡,28.5458,120.3572,772,14,四联村,K8991,32.1,23.3,0,0,999999,999999,6.7
324,浙江省,台州市,三门县,浦坝港镇,28.8758,121.6383,53,14,鹤井村,K8813,35.2,27.1,0,0,6113,14,11.6
325,浙江省,台州市,临海市,东塍镇,28.9314,121.3914,80,14,康谷小学,K8668,35.6,25.1,0,0,999999,6.5,4.2
326,浙江省,台州市,临海市,汇溪镇,28.9858,121.205,424,14,留山村,K8689,35.5,24.4,0.3,0.3,999999,999999,999999
327,浙江省,台州市,黄岩区,北洋镇,28.6206,121.0978,25,14,北洋,K8220,35.8,25.9,0.2,0.1,999999,7.7,5
328,浙江省,台州市,玉环市,大麦屿街道,28.0917,121.2042,280,14,鲜迭,K8507,29.7,25.3,0,0,999999,13.6,7.8
329,浙江省,台州市,天台县,龙溪乡,29.0517,120.7939,123,16,龙溪,K8705,35.3,24.4,46,22,999999,9.3,5.3
330,浙江省,台州市,仙居县,溪港乡,28.5736,120.3961,219,14,溪港,K8912,36.3,24.8,0,0,999999,0.6,0.1
331,浙江省,台州市,黄岩区,富山乡,28.5272,120.9244,433,14,畴路,KJ204,35.4,24,0.1,0.1,999999,999999,999999
332,浙江省,台州市,温岭市,城南镇,28.2656,121.4369,30,14,犁头咀,K8461,30,26.9,0,0,999999,15.4,12.7
333,浙江省,台州市,临海市,永丰镇,28.8731,121.0228,13,14,永丰,K8618,37,26.1,0.4,0.3,999999,6.4,3.8
334,浙江省,台州市,临海市,上盘镇,28.7128,121.6378,37,16,白沙,K8611,32.6,26.7,0,0,1541,14.4,10.6
335,浙江省,台州市,天台县,坦头镇,29.1347,121.0753,132,14,服务区,K8777,36.8,25.3,7.4,7.3999,1771,999999,999999
336,浙江省,台州市,黄岩区,新前街道,28.7097,121.2208,135,14,下抱水库,K8244,34.6,25.2,0,0,999999,6.8,4.8
337,浙江省,台州市,温岭市,温峤镇,28.3972,121.2997,5,14,张老桥,K8483,35,27.8,0,0,999999,999999,999999
338,浙江省,台州市,仙居县,上张乡,28.7128,120.7131,316,14,双溪水库,K8994,36.7,24.1,0.1,0.1,999999,999999,999999
339,浙江省,台州市,天台县,三合镇,29.0814,121.1631,78,14,洋头互通,K8775,36.8,25.3,4.9,4.8999,999999,999999,999999
340,浙江省,台州市,黄岩区,上郑乡,28.6047,120.8556,263,14,黄岩大瀑布,K8224,35.8,24.9,0,0,999999,999999,999999
341,浙江省,台州市,温岭市,温峤镇,28.3839,121.3003,27,14,市温峤,K8411,35.3,27.8,0,0,999999,12.4,6.3
342,浙江省,台州市,温岭市,箬横镇,28.405,121.6108,3,14,紫荆校区,K8477,32.4,27,0,0,999999,14.5,10.5
343,浙江省,台州市,临海市,尤溪镇,28.69,121.0725,66,14,岭脚金,K8626,36.5,25.3,0.2,0.1,999999,6.9,4.3
344,浙江省,台州市,仙居县,白塔镇,28.7125,120.6536,252,14,景星岩,K8976,34.5,24.3,0.7,0.6,999999,999999,8.4
345,浙江省,台州市,玉环市,沙门镇,28.2322,121.4056,32,14,灵门渔港,K8565,30.1,27.3,0,0,999999,11.3,8.1
346,浙江省,台州市,黄岩区,屿头乡,28.6742,120.9375,757,14,白石,K8231,999999,999999,999999,999999,999999,999999,999999
347,浙江省,台州市,玉环市,清港镇,28.315,121.3458,332,14,大雷山,K8531,999999,999999,999999,999999,999999,999999,999999
348,浙江省,台州市,黄岩区,北洋镇,28.6661,121.0386,433,14,五尖山,K8247,32.6,24.3,0,0,999999,999999,999999
349,浙江省,台州市,温岭市,大溪镇,28.4689,121.2619,5,14,大溪高速,K8427,35.4,28.2,0,0,12095,6.9,3.5
350,浙江省,台州市,路桥区,金清镇,28.5614,121.5944,60,14,三山,K8315,31.4,26.5,0,0,15763,16,12.1
351,浙江省,台州市,天台县,石梁镇,29.2242,121.14,528,14,黄龙水库,K8729,34.7,22.8,0,0,999999,7.4,4.7
352,浙江省,台州市,三门县,珠岙镇,29.0744,121.2789,120,14,珠岙,K8814,37.3,24.5,0,0,999999,7.7,5.6
353,浙江省,台州市,仙居县,埠头镇,28.8503,120.5117,318,14,大陈,K8907,37.1,23.1,2.4,1.7,999999,7.1,3.9
354,浙江省,台州市,仙居县,溪港乡,28.6053,120.4003,220,14,下岸水库,K8985,40,25,0.4,0.4,999999,999999,4.6
355,浙江省,台州市,玉环市,干江镇,28.1408,121.3567,48,14,栈台渔港,K8566,30,26.2,0,0,999999,11.7,10.1
356,浙江省,台州市,临海市,东塍镇,28.9008,121.3364,480,14,桐坑,K8672,33.3,24.1,0,0,999999,5.1,3.3
357,浙江省,台州市,温岭市,太平街道,28.3728,121.3589,35,12,温岭,58664,34,28.3,0,0,20048,10.3,6.9
358,浙江省,台州市,三门县,亭旁镇,29.0436,121.3403,108,14,亭旁,K8801,36.8,25.4,0,0,999999,999999,2.1
359,浙江省,台州市,天台县,始丰街道,29.1067,120.9492,109,14,龙潭村,K8769,35.6,23.7,3.3,2.6999,999999,999999,999999
360,浙江省,台州市,临海市,括苍镇,28.8097,120.9219,1382.4,13,括苍山,58653,27.9,20.2,3.8,3.8,999999,13.5,11.6
361,浙江省,台州市,三门县,横渡镇,29.0142,121.4353,76,14,长林村,K8879,35.3,25,0,0,999999,999999,999999
362,浙江省,台州市,三门县,海游街道,29.1228,121.3833,34.5,12,三门,58568,36.4,25.6,0,0,4506,6.6,5.5
363,浙江省,台州市,黄岩区,屿头乡,28.6356,121.0111,38,14,屿头,KJ217,36.7,25.9,0,0,999999,6.9,3.9
364,浙江省,台州市,三门县,横渡镇,28.9919,121.4514,60,14,善见村,K8870,38,24.7,0,0,999999,999999,999999
365,浙江省,台州市,临海市,括苍镇,28.7811,120.9522,260,14,尚山村,K8680,35.9,23.4,4.7,4.7,999999,999999,999999
366,浙江省,台州市,天台县,平桥镇,29.2333,120.8939,214,14,龙官漂流,K8795,34.8,24,5.9,5.3999,999999,999999,999999
367,浙江省,台州市,天台县,白鹤镇,29.2353,120.9428,124,14,白鹤小学,K8782,36.5,25.3,1.3,0.9,999999,5.8,3
368,浙江省,台州市,临海市,上盘镇,28.6911,121.7594,49,14,头门,K8627,30.4,25.8,0,0,8954,15.6,14.3
369,浙江省,台州市,黄岩区,宁溪镇,28.5989,120.9522,88,14,岭家湖,KJ203,36.5,26,0,0,999999,999999,999999
370,浙江省,台州市,临海市,桃渚镇,28.9017,121.7525,69,14,北泽岛,K8658,30.3,26.6,0,0,999999,11,5.1
371,浙江省,台州市,临海市,东塍镇,28.9542,121.4164,510,14,白岩茶场,K8662,31.4,23.7,0,0,999999,10.4,7.9
372,浙江省,台州市,玉环市,楚门镇,28.2169,121.3014,25,14,楚门,K8512,31.9,27.8,0,0,999999,11.1,8.1
373,浙江省,台州市,三门县,海润街道,29.0675,121.4881,51,14,叶家村,K8812,36.3,25.1,0,0,999999,8.4,3.9
374,浙江省,台州市,黄岩区,上郑乡,28.5839,120.7997,1143,14,大寺基,K8236,999999,999999,999999,999999,999999,999999,999999
375,浙江省,台州市,天台县,平桥镇,29.1533,120.8561,80,14,现代农业园,K8783,35.9,25.2,1.2,0.6,999999,10.1,6.8
376,浙江省,台州市,三门县,横渡镇,28.9736,121.5094,28,14,岭根陈,K8883,35.8,25.9,0.3,0.3,999999,999999,999999
377,浙江省,台州市,玉环市,经济开发区,28.1422,121.3258,5,14,冲旦屿,K8562,31,26.7,0,0,999999,999999,999999
378,浙江省,台州市,临海市,杜桥镇,28.7136,121.5781,10,14,临港,K8649,34.2,27.9,0,0,999999,11.2,8.6
379,浙江省,台州市,临海市,汇溪镇,28.9578,121.2131,58.3,14,汇溪,K8614,35.6,26,1.3,1.2,999999,5.8,3.7
380,浙江省,台州市,仙居县,大战乡,28.7606,120.775,513,14,对山,K8919,35.5,24.1,1.3,1.2,999999,7.7,5.7
381,浙江省,台州市,玉环市,坎门街道,28.07,121.2361,169,14,黄门,K8550,31.1,25.6,0,0,999999,15,9.9
382,浙江省,台州市,临海市,括苍镇,28.87,120.9656,39,14,括苍枢纽,K8675,35.9,26.1,0.3,0.3,5978,5.9,3.9
383,浙江省,台州市,临海市,上盘镇,28.8097,121.8475,54,14,雀儿岙,K8629,29.7,25.9,0,0,16141,22.5,17
384,浙江省,台州市,三门县,健跳镇,29.0139,121.6083,13,14,健跳,K8810,36.2,25.9,0.6,0.6,971,7.2,4.5
385,浙江省,台州市,路桥区,金清镇,28.4583,121.6653,42,14,湖屿岛,K8320,30.6,26.6,0,0,24887,17.7,15.7
386,浙江省,台州市,天台县,始丰街道,29.1458,120.9881,67.2,14,玉湖,K8799,36.6,25.5,2.5,0.2,999999,7.1,3.6
387,浙江省,台州市,天台县,泳溪乡,29.1561,121.1786,443,14,北山村,K8765,32.6,23.8,7.6,4.8,999999,999999,999999
388,浙江省,台州市,黄岩区,富山乡,28.5494,120.8708,678,14,富北,KJ215,31.8,22.8,0,0,999999,6.6,5.7
389,浙江省,台州市,三门县,海游街道,29.0753,121.405,87,14,悬诸,K8817,36.6,25,0,0,999999,5.2,3
390,浙江省,台州市,黄岩区,上郑乡,28.6058,120.8744,256,14,下余,K8209,37.5,24.7,0.1,0.1,999999,7.2,4.5
391,浙江省,台州市,临海市,汇溪镇,29.0222,121.1889,306,14,黄支罗,K8693,35.6,24.5,0,0,999999,999999,999999
392,浙江省,台州市,温岭市,滨海镇,28.4683,121.5203,10,14,滨海中学,K8464,33,27.5,0,0,999999,11.2,7.4
393,浙江省,台州市,黄岩区,富山乡,28.5081,120.8989,618,14,李家山,KJ206,33,23,0.1,0.1,999999,999999,999999
394,浙江省,台州市,仙居县,安洲街道,28.8672,120.7189,83.2,12,仙居,58652,36.2,26.6,0.4,0.2,9008,7.2,5
395,浙江省,台州市,黄岩区,上郑乡,28.6111,120.9317,185,14,铅锌矿,K8219,36.5,25.1,0,0,999999,999999,999999
396,浙江省,台州市,路桥区,蓬街镇,28.5681,121.5189,5,14,启明村,K8313,32.8,27,0,0,999999,11.1,7.2
397,浙江省,台州市,仙居县,横溪镇,28.7289,120.4772,116,14,横溪,K8902,39.7,24.8,0,0,999999,999999,3.6
398,浙江省,台州市,黄岩区,宁溪镇,28.5481,120.9492,95,14,宁联,K8296,36.1,25.7,0.2,0.1,999999,999999,999999
399,浙江省,台州市,玉环市,海山乡,28.2425,121.1392,40,14,乐清湾二桥,K8528,999999,999999,0,0,15166,16.5,13.4
400,浙江省,台州市,三门县,浦坝港镇,28.9442,121.6722,5,14,小岭下,K8848,34.1,27.6,0,0,999999,8.9,6.4
401,浙江省,台州市,三门县,珠岙镇,29.1061,121.2956,206,14,铺岩,K8887,35.5,24.9,0,0,999999,6.7,4.7
402,浙江省,台州市,三门县,花桥镇,28.9208,121.4714,21,14,花桥,K8809,36.4,26.2,0.7,0.6,999999,7.7,5.1
403,浙江省,台州市,黄岩区,头陀镇,28.6428,121.1564,60,14,柑橘所,K8283,36.8,25.7,0,0,999999,5.3,3.9
404,浙江省,台州市,黄岩区,宁溪镇,28.5472,120.9364,131,14,岭根,K8243,36.1,25.2,0,0.1,999999,999999,999999
405,浙江省,台州市,天台县,三合镇,29.0906,121.1014,55,14,亭头,K8704,36.3,24.5,9.8,9.7,999999,6.9,3.2
406,浙江省,台州市,三门县,横渡镇,29.0089,121.4683,24,14,东屏村,K8824,36.8,24.8,0,0,999999,6.4,4.9
407,浙江省,台州市,路桥区,金清镇,28.5261,121.5967,2,14,黄琅,K8305,32.5,27,0,0,999999,14.5,10.1
408,浙江省,台州市,三门县,海游街道,29.0864,121.3936,9,14,外俞村,K8869,36.6,25.7,0,0,999999,999999,999999
409,浙江省,台州市,临海市,东塍镇,28.9578,121.3647,333,14,分水岭村,KJ602,32.7,24.3,0,0,999999,999999,999999
410,浙江省,台州市,玉环市,龙溪乡,28.2089,121.3289,26,14,龙溪樱桃,K8518,32.3,27.2,0,0,999999,7.3,3.3
411,浙江省,台州市,玉环市,大麦屿街道,28.06,121.1528,5,14,环海,K8559,31.3,27.4,0,0,999999,999999,999999
412,浙江省,台州市,三门县,健跳镇,29.0325,121.6267,67,14,健跳港,K8889,37.4,26.5,0,0.2,999999,10.9,9.3
413,浙江省,台州市,三门县,亭旁镇,29.0694,121.3683,136,14,邵下村,K8875,35.6,25.2,0,0,999999,6.7,4.9
414,浙江省,台州市,黄岩区,上郑乡,28.6056,120.9439,99,14,下郑,K8299,37.3,25.9,0.6,0.2,999999,999999,999999
415,浙江省,台州市,温岭市,大溪镇,28.4911,121.2411,11,14,大溪,K8403,34.3,27.7,0,0,999999,9.3,5.6
416,浙江省,台州市,天台县,坦头镇,29.1514,121.1528,918,14,苍山顶,K8727,30,22.7,5.6,4.7999,999999,999999,5.1
417,浙江省,台州市,仙居县,福应街道,28.9164,120.7275,824,14,青尖山,K8945,31.2,22.9,0.3,0.3,999999,4.4,3.1
418,浙江省,台州市,黄岩区,院桥镇,28.5497,121.2981,7,14,院桥,K8213,34.8,27.3,0,0,999999,12,7.9
419,浙江省,台州市,温岭市,大溪镇,28.4328,121.2506,42,14,上洋工业区,K8468,33.5,27.9,0,0,999999,999999,999999
420,浙江省,台州市,天台县,雷峰乡,29.0378,120.9117,234,14,友义村,K8796,34.4,23.8,11.5,11.1,999999,999999,999999
421,浙江省,台州市,石油平台,-,28.35,124.9333,45.8,14,天外天C平台,K0806,28.6,27,0,0,11111,999999,4.7
422,浙江省,台州市,临海市,永丰镇,28.8697,121.0464,22,14,临海西,K8674,36.6,26.1,6.3,5.1,788,6.8,3.9
423,浙江省,台州市,温岭市,石塘镇,28.2603,121.6164,75,13,石塘,58669,30.4,25.6,0,0,9160,15.2,13
424,浙江省,台州市,天台县,平桥镇,29.0989,120.8569,443,14,紫凝山,K8709,32,24,29.8,12.8,999999,16.1,11.4
425,浙江省,台州市,天台县,雷峰乡,29.0389,120.8886,209,14,雷峰漂流,K8792,35.3,24.1,16.1,8.0999,999999,999999,999999
426,浙江省,台州市,仙居县,官路镇,28.8436,120.6486,117,14,白岭脚,K8988,37.1,25.4,3.4,3.2999,999999,999999,999999
427,浙江省,台州市,黄岩区,茅畲乡,28.5822,121.1144,119,14,西边,K8281,35.1,25.1,0,0,999999,999999,999999
428,浙江省,台州市,温岭市,新河镇,28.4489,121.4231,23,14,楼岙村,K8472,35.7,27.8,0,0,999999,999999,999999
429,浙江省,台州市,黄岩区,沙埠镇,28.5294,121.1556,386,14,南六坑,K8280,31.7,24.1,0.1,0.1,999999,13,8.9
430,浙江省,台州市,黄岩区,上垟乡,28.5222,121.0247,55,14,西洋,K8288,35.7,25.6,0.1,0.1,999999,999999,999999
431,浙江省,台州市,临海市,邵家渡街道,28.8483,121.3367,60,14,南岙,K8646,35.2,24.2,7.8,8.9,999999,5.7,3.2
432,浙江省,台州市,椒江区,章安街道,28.7361,121.3692,150,14,柑橘良种场,K8121,35.5,26.3,0.1,0.3,999999,5.7,3.7
433,浙江省,台州市,路桥区,横街镇,28.5147,121.4469,23,14,九琅山,K8341,37,26.3,0,0,999999,4.9,2.7
434,浙江省,台州市,路桥区,峰江街道,28.5364,121.3953,5,14,下陶村,K8327,36.9,27.8,0,0,999999,10.2,6
435,浙江省,台州市,仙居县,下各镇,28.8228,120.8483,103,14,西陆,K8950,37.1,25.1,1.1,1.1,999999,7.2,5.9
436,浙江省,台州市,黄岩区,上郑乡,28.6125,120.9275,272,14,蒋东岙,K8246,37.4,24.9,0,0,999999,999999,999999
437,浙江省,台州市,仙居县,横溪镇,28.7831,120.5061,95,14,垟庄,K8947,37,24.7,0,0,999999,8.8,6.4
438,浙江省,台州市,玉环市,清港镇,28.2742,121.2564,13,14,苔山塘,K8556,34.4,27.6,0,0,999999,9.7,5.3
439,浙江省,台州市,温岭市,大溪镇,28.4383,121.2553,41,14,毛竹下,K8467,33.7,28,0,0,999999,999999,999999
440,浙江省,台州市,临海市,括苍镇,28.8261,120.9667,438,14,景山村,K8676,32,24.1,0.6,0.6,999999,999999,999999
441,浙江省,台州市,路桥区,蓬街镇,28.5503,121.4839,5,14,蓬街,K8309,34.2,27.5,0,0,999999,9.1,6
442,浙江省,台州市,路桥区,金清镇,28.5058,121.4972,3,14,金清,K8303,32.3,27.6,0,0,15591,11.2,7.6
443,浙江省,台州市,黄岩区,富山乡,28.5358,120.9131,710,14,富山,K8206,34.4,23.2,0.2,0.1,999999,10.9,7.7
444,浙江省,台州市,三门县,蛇蟠乡,29.1531,121.5469,8,14,小蛇,K8886,35.9,27.1,0,0,999999,9.8,7.6
445,浙江省,台州市,天台县,福溪街道,29.1381,121.0067,63,14,职业中专,K8724,36.3,25.8,0.4,0.1,999999,6.1,3.2
446,浙江省,台州市,黄岩区,屿头乡,28.6603,120.9892,92,14,长滩,K8242,36.4,25.4,0,0,999999,999999,999999
447,浙江省,台州市,天台县,三州乡,29.2264,120.8475,529,14,三州,K8746,32,23.7,6.9,4.1999,999999,9.1,6.6
448,浙江省,台州市,黄岩区,富山乡,28.5078,120.8914,582,14,外金,K8271,31.5,23.5,0.1,0.1,999999,9.5,7
449,浙江省,台州市,三门县,浦坝港镇,29.0056,121.7608,12,14,五子岛,K8862,30.6,27.2,0,0,17192,16.5,14.9
450,浙江省,台州市,三门县,蛇蟠乡,29.1619,121.5706,5,14,蛇蟠旅游,K8830,37.2,27.2,0,0,2810,6.9,5.4
451,浙江省,台州市,椒江区,海门街道,28.6642,121.4556,5,14,岳头村,K8112,37.3,28.4,0,0,999999,9.3,3.4
452,浙江省,台州市,玉环市,鸡山乡,28.0569,121.4106,90,14,中鹿岛,K8546,30.4,25,0,0,999999,14.1,10.2
453,浙江省,台州市,椒江区,葭沚街道,28.6575,121.3764,5,14,高铁台州站,K8136,35,27.2,0,0,999999,9,4.9
454,浙江省,台州市,玉环市,清港镇,28.2631,121.3233,7,14,垟根村,K8558,34,27.9,0,0,999999,8.8,3.9
455,浙江省,台州市,仙居县,双庙乡,28.7786,120.9033,643,14,长岗山,K8995,34.2,23.7,0.1,0.4,999999,999999,4.5
456,浙江省,台州市,椒江区,葭沚街道,28.6389,121.3522,205,14,绿心,K8003,33.8,25.5,0,0,999999,16.8,12.8
457,浙江省,台州市,临海市,桃渚镇,28.8322,121.6825,28,14,红脚岩,KJ608,32.8,27.7,0,0,999999,15.4,12
458,浙江省,台州市,临海市,上盘镇,28.7158,121.7297,33,14,大竹山,K8650,29.6,26.1,0,0,10043,17.3,15.6
459,浙江省,台州市,天台县,白鹤镇,29.2597,120.9633,331,14,白鹤,K8701,36.2,24,4.9,3.8999,999999,4.3,2.3
460,浙江省,台州市,椒江区,大陈镇,28.5056,121.89,160,14,虾浦,K8123,29.8,24.9,0,0,999999,18.1,11.6
461,浙江省,台州市,临海市,邵家渡街道,28.8739,121.2828,144,14,茶山,K8664,34.3,23.9,0,0,999999,6.4,4.7
462,浙江省,台州市,椒江区,海门街道,28.6781,121.4467,21,14,东方红,K8101,35.2,28.4,0,0,999999,11.7,6.6
463,浙江省,台州市,仙居县,步路乡,28.7772,120.7242,60,14,步路,K8915,36.9,25.3,5.7,3.8999,999999,0,0
464,浙江省,台州市,天台县,平桥镇,29.1703,120.7808,175,14,峇溪漂流,K8794,33.8,23.6,6.2,5.6,999999,999999,999999
465,浙江省,台州市,仙居县,横溪镇,28.645,120.4797,300,14,溪口,K8913,36,23.5,0,0,999999,6.7,5
466,浙江省,台州市,玉环市,大麦屿街道,28.1031,121.1358,18,14,大麦屿,K8517,31.4,27.3,0,0,999999,12,8.4
467,浙江省,台州市,仙居县,湫山乡,28.6997,120.3706,204,14,杨岸,K8997,37.7,23.4,0,0,999999,999999,3.8
468,浙江省,台州市,天台县,三合镇,29.1031,121.165,80,14,大横金,K8767,35.6,25.2,10.1,5.5999,999999,999999,999999
469,浙江省,台州市,天台县,平桥镇,29.1042,120.8428,432.7,14,云端花园,K8779,32,23.7,12.4,2.8999,999999,15,9.9
470,浙江省,台州市,黄岩区,上垟乡,28.4911,120.9922,681,14,沈岙,K8279,33.8,22.9,0,0,999999,9.1,7.4
471,浙江省,台州市,温岭市,坞根镇,28.3247,121.2611,5.6,14,坞根,K8405,34.2,27.8,0,0,999999,9,5.6
472,浙江省,台州市,玉环市,大麦屿街道,28.1192,121.1981,238,14,雕鹰山,K8527,31.4,25.6,0,0,999999,17.6,13.9
473,浙江省,台州市,黄岩区,北城街道,28.6831,121.2394,26,14,黄土岭,K8249,35.7,25.9,0.1,0.1,999999,7.4,4.6
474,浙江省,台州市,天台县,龙溪乡,29.0025,120.8183,419,14,岭里村,K8787,35.2,23.2,2.7,1.3,999999,999999,999999
475,浙江省,台州市,椒江区,大陈镇,28.6067,121.8106,30,14,一江码头,K8126,999999,999999,999999,999999,379,999999,999999
476,浙江省,台州市,天台县,雷峰乡,29.0553,120.8917,197,14,西山头村,K8784,34.7,24.1,13.1,6.1999,999999,7.2,3.1
477,浙江省,台州市,路桥区,螺洋街道,28.5389,121.3331,57,14,上寺前,K8340,37,27,0,0,999999,999999,999999
478,浙江省,台州市,临海市,白水洋镇,28.8992,120.9047,41,14,白水洋,K8603,37.6,26.3,0,0,999999,5.4,3.8
479,浙江省,台州市,临海市,白水洋镇,28.98,120.9153,113,14,安桥,K8623,36.6,25,0.2,0.1,999999,12.4,9.2
480,浙江省,台州市,天台县,街头镇,29.1244,120.7933,113,14,街头,K8702,36,24.8,11.9,9.2,999999,8.2,6.5
481,浙江省,台州市,天台县,赤城街道,29.2069,121.0164,451,14,桐柏,K8721,34.3,23.8,0,0,999999,9.2,7.1
482,浙江省,台州市,椒江区,章安街道,28.7303,121.4508,6,14,柏树里,K8108,35.8,26.3,0.2,0.2,999999,8.4,6.6
483,浙江省,台州市,天台县,平桥镇,29.1356,120.885,41,14,曹一村,K8764,35.7,25.2,8.5,7.1999,999999,999999,999999
484,浙江省,台州市,临海市,尤溪镇,28.6889,121.0931,260,14,王加山,K8695,35.3,24.3,0.1,0.1,999999,999999,999999
485,浙江省,台州市,临海市,尤溪镇,28.7292,120.9675,756.4,14,上白岩,K8640,30.6,23.1,0,0,999999,5.8,3.6
486,浙江省,台州市,路桥区,金清镇,28.52,121.5147,5,14,明珠学校,K8329,33.1,27.7,0,0,999999,11.6,7.5
487,浙江省,台州市,三门县,沙柳街道,29.1508,121.3683,214,14,下南山,K8822,34.5,25.1,0,0,999999,8.1,4.9
488,浙江省,台州市,黄岩区,屿头乡,28.6744,120.9375,757,14,白石,K8207,32.4,23.4,0,0,999999,7.9,3.3
489,浙江省,台州市,天台县,雷峰乡,28.9822,120.845,510,14,牧云谷,K8793,32.1,23.2,0.4,0.4,999999,999999,999999
490,浙江省,台州市,黄岩区,平田乡,28.5381,121.0739,393,14,平田,K8221,32.9,23.7,0.1,0.1,999999,9.3,5.6
491,浙江省,台州市,三门县,海游街道,29.0881,121.3217,206,14,后郭,K8850,37.3,25,0,0,999999,7.4,5.9
492,浙江省,台州市,临海市,古城街道,28.8717,121.0797,11,14,两桥,K8622,35.6,26.5,17.3,9.9,999999,7,5.6
493,浙江省,台州市,天台县,龙溪乡,28.9558,120.8189,924,14,天柱林场,K8730,31.6,22.6,0.3,0.2,999999,6.5,5
494,浙江省,台州市,临海市,永丰镇,28.9336,121.0011,89,14,大洋,K8625,35.8,25,0.2,0.2,999999,5.4,3.2
495,浙江省,台州市,三门县,亭旁镇,29.005,121.3572,120,14,石门坑,K8866,35.5,24.7,0.1,0.1,999999,999999,999999
496,浙江省,台州市,三门县,健跳镇,29.0703,121.6053,9,14,珠港村,K8877,35.2,27.1,0,0,999999,8.7,5.5
497,浙江省,台州市,温岭市,温峤镇,28.3958,121.2944,5,14,焦桐村,K8484,34.9,27.7,0,0.1,999999,999999,999999
498,浙江省,台州市,路桥区,路南街道,28.5889,121.4206,5,14,红光,K8344,35.1,27.4,0,0,999999,999999,999999
499,浙江省,台州市,黄岩区,西城街道,28.6247,121.2394,19,14,委羽山,K8226,34.5,27.1,0,0,3301,7.9,6.1
500,浙江省,台州市,天台县,三合镇,29.0642,121.1475,133,14,灵溪村,K8780,35.4,24.3,18.6,18,999999,10.3,5.5
501,浙江省,台州市,三门县,海润街道,29.1314,121.4242,120,14,王家村,K8876,34.8,25.4,0,0,999999,7.1,5.3
502,浙江省,台州市,天台县,泳溪乡,29.1472,121.1806,285,14,抽蓄电站,K8791,34.6,24.8,11.9,7,999999,8.4,5
503,浙江省,台州市,路桥区,螺洋街道,28.5608,121.33,10,14,水厂,K8311,35.9,27.6,0,0,999999,9.7,4.9
504,浙江省,台州市,天台县,洪畴镇,29.0817,121.2258,164,14,坪东村,K8781,35.6,24,0.1,0.1,999999,999999,999999
505,浙江省,台州市,临海市,大洋街道,28.8739,121.1928,6.3,12,临海,58660,35.5,26.2,0.1,0.1,5418,7.2,4.9
506,浙江省,台州市,天台县,白鹤镇,29.2883,120.9108,234,14,左溪能见度,K8718,999999,999999,999999,999999,210,999999,999999
507,浙江省,台州市,临海市,桃渚镇,28.8086,121.5797,18,14,桃渚,K8620,36.2,27.4,0,0,999999,0.6,0.2
508,浙江省,台州市,三门县,珠岙镇,29.0544,121.2419,71,14,吴岙,K8829,36.4,25.3,0,0,3451,7.4,4.2
509,浙江省,台州市,三门县,浦坝港镇,28.8911,121.6617,43,14,扩塘山,K8826,34.4,27.6,0,0,999999,12.1,10.4
510,浙江省,台州市,黄岩区,新前街道,28.6814,121.2067,13,14,新前,K8215,35.3,25.6,0.1,0.1,999999,9.9,7.7
511,浙江省,台州市,温岭市,泽国镇,28.4969,121.3361,5,14,泽国二小,K8441,34.9,27.9,0,0,999999,10.3,7.2
512,浙江省,台州市,天台县,街头镇,29.0728,120.7303,248,14,里石门,K8726,34.9,24.1,35.7,34.4,999999,9.1,6.6
513,浙江省,台州市,仙居县,皤滩乡,28.7258,120.5208,161,14,万竹口,K8918,39.3,24.4,1.3,0.7,999999,0,0
514,浙江省,台州市,天台县,始丰街道,29.1478,120.985,61,14,始丰小学,K8760,36.8,25.4,0.3,0.2,999999,9.3,4.4
515,浙江省,台州市,临海市,涌泉镇,28.7783,121.3394,138,14,马里岙,KJ609,35.4,25.9,1.1,1.4,999999,999999,999999
516,浙江省,台州市,临海市,古城街道,28.8864,121.0811,56,14,许墅村,K8691,36.9,26.5,3.5,2,999999,6.9,4.4
517,浙江省,台州市,温岭市,城南镇,28.3039,121.3833,10,14,彭下村,K8478,32.9,27.1,0,0,999999,999999,999999
518,浙江省,台州市,临海市,杜桥镇,28.8122,121.4731,121,14,岙底陈,KJ606,35.5,25.9,0.1,0.1,999999,999999,999999
519,浙江省,台州市,天台县,街头镇,29.0592,120.7022,195,14,田芯,K8707,37.4,24.4,34.3,33.8,999999,999999,999999
520,浙江省,台州市,椒江区,大陈镇,28.4533,121.8994,20,14,大陈码头,K8117,999999,999999,999999,999999,14424,999999,999999
521,浙江省,台州市,黄岩区,北洋镇,28.6108,121.0583,57,14,长潭,K8204,36.4,25.7,0,0,999999,4.4,2.9
522,浙江省,台州市,黄岩区,上垟乡,28.5153,121.0083,77,14,上垟,K8210,38.8,25.5,0.1,0.1,281,8.2,5.6
523,浙江省,台州市,临海市,尤溪镇,28.7467,121.0439,269,14,长加山,K8697,34.5,24,0,0,999999,999999,999999
524,浙江省,台州市,路桥区,金清镇,28.5611,121.5944,60,14,三山,K8332,999999,999999,999999,999999,999999,999999,999999
525,浙江省,台州市,椒江区,洪家街道,28.6097,121.4144,5,14,洪家二中,K8124,35.9,28.2,0,0,999999,8.9,5.1
526,浙江省,台州市,仙居县,朱溪镇,28.7178,120.7936,103,14,朱溪,K8934,999999,999999,999999,999999,999999,999999,999999
527,浙江省,台州市,三门县,浦坝港镇,28.9647,121.7919,12,14,三门岛,K8860,29.3,26.7,0,0,15008,18.2,14.9
528,浙江省,台州市,路桥区,新桥镇,28.5019,121.4036,4,14,新桥,K8308,34.2,27.5,0,0,999999,9.5,6.5
529,浙江省,台州市,临海市,小芝镇,28.8794,121.3731,59,14,外蔡,K8613,35.6,24.5,1.4,1.3,999999,0,0
530,浙江省,台州市,天台县,白鹤镇,29.2036,120.9628,90,14,岭下洋,K8741,36.5,25.3,0,0,999999,8.1,4.5
531,浙江省,台州市,三门县,亭旁镇,29.0244,121.3881,415,14,枧头村,K8828,36,24.8,0,0,999999,8.3,6.3
532,浙江省,台州市,仙居县,朱溪镇,28.6328,120.9031,514,14,金竹寺,K8982,34.8,25.1,0,0,999999,999999,5.3
533,浙江省,台州市,玉环市,坎门街道,28.0864,121.2892,26,14,灯塔社区,K8564,29.8,26.8,0,0,999999,999999,999999
534,浙江省,台州市,天台县,白鹤镇,29.2889,120.915,234,14,左溪,K8770,36,23.9,2.5,1.5,999999,999999,5.4
535,浙江省,台州市,黄岩区,高桥街道,28.6011,121.2178,70,14,三童岙,K8269,34.4,25.2,0,0,999999,999999,999999
536,浙江省,台州市,临海市,邵家渡街道,28.8106,121.3428,149,14,年坑村,KJ605,34.4,24.9,0.3,2.7999,999999,999999,999999
537,浙江省,台州市,三门县,浦坝港镇,28.8675,121.5128,34,14,山场村,K8808,36.5,25.9,0.3,0.3,999999,8.9,6
538,浙江省,台州市,温岭市,松门镇,28.3258,121.6189,9,14,实践基地,K8419,30.8,26.7,0,0,999999,13.1,7.9
539,浙江省,台州市,黄岩区,上郑乡,28.5842,120.7997,1143,14,大寺基,K8222,31,21.2,0,0,999999,11.1,7.2
540,浙江省,台州市,黄岩区,富山乡,28.5103,120.8578,930,14,南正顶,K8245,28.9,22.3,0,0,999999,999999,999999
541,浙江省,台州市,椒江区,下陈街道,28.6131,121.4469,11,14,海正育才小学,K8130,35.6,28.3,0,0,999999,7.6,4
542,浙江省,台州市,临海市,汇溪镇,29.0219,121.2131,287,14,大塘村,K8694,35.8,24.6,0,0,999999,999999,999999
543,浙江省,台州市,温岭市,新河镇,28.4781,121.4594,7,14,新河,K8408,34.9,27.7,0,0,999999,8.6,6.1
544,浙江省,台州市,天台县,泳溪乡,29.1342,121.2089,276,14,县兰田,K8788,34.6,24.1,12.7,12.7,999999,10.6,5.9
545,浙江省,台州市,临海市,上盘镇,28.7431,121.8481,51,14,田岙岛,K8630,29.6,25.9,0,0,999999,20.1,14.8
546,浙江省,台州市,天台县,雷峰乡,29.0003,120.8761,522,14,大雷山,K8722,32.3,23.7,1.8,0.7,999999,10.7,4.8
547,浙江省,台州市,仙居县,皤滩乡,28.7347,120.5256,121,14,皤滩,KJ918,37.1,25.1,8.1,7.6,999999,999999,7.3
548,浙江省,台州市,天台县,雷峰乡,29.0992,120.8972,97,14,朱莉农场,K8797,36.7,24.5,14.3,8.6,999999,999999,999999
549,浙江省,台州市,临海市,涌泉镇,28.7569,121.3186,8,14,涌泉,K8602,35.4,26,0.8,3.4999,999999,7.8,5.3
550,浙江省,台州市,玉环市,鸡山乡,28.1061,121.3642,59,14,鸡山,K8513,28.5,25.7,0,0,8266,13,9.5
551,浙江省,台州市,天台县,坦头镇,29.115,121.1244,81,14,下陈胡,K8747,36.3,25.2,10.1,9.2,999999,26.4,17.3
552,浙江省,台州市,椒江区,葭沚街道,28.6289,121.3872,5,14,创谷基金港,K8138,35.6,27.8,0,0,999999,9.6,6
553,浙江省,台州市,天台县,街头镇,29.0539,120.8553,198,14,济溪,K8790,34.2,24.1,20.4,19.8,999999,999999,999999
554,浙江省,台州市,温岭市,城西街道,28.39,121.3681,24,14,城西,K8430,34.9,28.6,0,0,999999,8.6,4.8
555,浙江省,台州市,椒江区,前所街道,28.7178,121.4994,6,14,六联小学,K8129,36.5,27.6,0,0,999999,10.3,6
556,浙江省,台州市,温岭市,城南镇,28.2731,121.3789,27,14,后岭村,K8480,32.1,27.9,0,0,999999,999999,999999
557,浙江省,台州市,天台县,白鹤镇,29.2728,120.9094,185,14,盘龙岭,K8776,35.9,25.4,3,2.4999,999999,999999,999999
558,浙江省,台州市,临海市,江南街道,28.7844,121.1203,11,14,江南,K8615,36.7,25.9,0.1,0.1,999999,4.9,3.5
559,浙江省,台州市,仙居县,淡竹乡,28.5922,120.5281,540,14,吴山后,K8943,33.6,23.9,0.6,0.5,999999,0,0
560,浙江省,台州市,仙居县,官路镇,28.895,120.6228,196,14,溪心,K8909,34.4,24.1,8.4,8.2,999999,0,0
561,浙江省,台州市,三门县,健跳镇,29.1039,121.6006,9,14,农业园,K8816,36.8,26,0.3,1.1,999999,7.5,5.5
562,浙江省,台州市,天台县,雷峰乡,29.0881,120.8956,105,14,雷峰,K8715,35.3,24.2,15.4,8.3,999999,7.9,5.4
563,浙江省,台州市,椒江区,葭沚街道,28.6833,121.375,5,14,乌石,K8118,34.8,27.3,0.1,0.2,999999,7.8,4.8
564,浙江省,台州市,黄岩区,屿头乡,28.6631,120.9097,540,14,后岙,K8273,33.8,23.4,0.1,0.1,999999,5.3,3.5
565,浙江省,台州市,临海市,杜桥镇,28.7589,121.5583,30,14,里潘,K8655,34.7,27.5,0,0,3402,10.6,8.1
566,浙江省,台州市,临海市,汇溪镇,28.9947,121.2142,200,14,江根村,K8688,35.5,24.8,0,0,999999,999999,999999
567,浙江省,台州市,仙居县,安洲街道,28.8928,120.6878,576,14,路口,K8975,31.5,24.7,0.4,0.4,999999,999999,1
568,浙江省,台州市,黄岩区,高桥街道,28.5783,121.2172,21,14,瓦瓷窑,K8285,35,25.9,0,0,999999,999999,999999
569,浙江省,台州市,路桥区,金清镇,28.4839,121.6219,133.4,14,白果,K8304,31.9,25.7,0,0,999999,22.3,19
570,浙江省,台州市,仙居县,横溪镇,28.7522,120.4072,216,14,苍岭东,K8974,38.2,23.8,0,0,999999,999999,3.2
571,浙江省,台州市,路桥区,路桥街道,28.5814,121.3919,5,14,龙头王村,K8326,35.2,28.4,0,0,999999,999999,999999
572,浙江省,台州市,天台县,街头镇,29.025,120.8392,210,14,九遮山,K8768,34.5,23.5,15.8,13.1,999999,9.6,5.5
573,浙江省,台州市,玉环市,沙门镇,28.2439,121.3803,18,14,沙门,K8503,32,27.7,0,0,999999,10.8,7.2
574,浙江省,台州市,路桥区,蓬街镇,28.5611,121.4628,5,14,花园里,K8347,35.5,27.2,0,0,999999,9.4,7.2
575,浙江省,台州市,仙居县,淡竹乡,28.6719,120.5706,105,14,淡竹,K8911,36.6,25,3.1,2.9999,999999,7.9,5.3
576,浙江省,台州市,临海市,括苍镇,28.8572,120.9875,36,14,城西中学,K8657,37.6,26.4,0.1,0.1,999999,4.1,2.7
577,浙江省,台州市,仙居县,田市镇,28.6342,120.6733,229,14,括苍隧道北,K8979,35,24.6,0,0,999999,999999,4.9
578,浙江省,台州市,仙居县,双庙乡,28.7889,120.8575,92,14,双庙,K8906,37.9,24.9,3.8,3.7999,999999,0,0
579,浙江省,台州市,临海市,尤溪镇,28.7181,121.0581,223,14,竹家山,K8696,36.2,24.1,0,0,999999,999999,999999
580,浙江省,台州市,温岭市,城南镇,28.2722,121.3767,22,14,上岙村,K8479,32.9,27.7,0,0,999999,999999,999999
581,浙江省,台州市,三门县,亭旁镇,29.0025,121.3147,138,16,佃石,K8818,36.5,25.6,0.1,0.1,999999,999999,4.9
582,浙江省,台州市,黄岩区,东城街道,28.6611,121.2906,25,14,东城小学,K8240,36.3,27.3,0,0,999999,9,5
583,浙江省,台州市,温岭市,城南镇,28.3194,121.3311,46,14,山后村,K8421,34.2,27.2,0,0,999999,9.7,6
584,浙江省,台州市,天台县,石梁镇,29.2933,121.1458,340,14,大同,K8772,35.6,23.3,0,0,999999,999999,3.9
585,浙江省,台州市,三门县,健跳镇,29.0667,121.6792,60,14,龙山,K8825,34.3,27.4,0,0,999999,12.5,9.2
586,浙江省,台州市,临海市,大田街道,28.9617,121.1519,212,14,石门村,K8685,35.4,25.2,0.1,0.1,999999,999999,999999
587,浙江省,台州市,仙居县,福应街道,28.8794,120.8328,70,14,工业园区,K8922,38.9,26.1,0,0,999999,5.6,4.3
588,浙江省,台州市,仙居县,横溪镇,28.9833,120.9833,554,14,山岙,K8932,999999,999999,999999,999999,999999,999999,999999
589,浙江省,台州市,温岭市,新河镇,28.4467,121.4456,26,14,长屿村,K8474,35.5,27.4,0,0,999999,999999,999999
590,浙江省,台州市,黄岩区,宁溪镇,28.6025,120.9708,71,14,福利,K8258,36.9,25.8,0,0,999999,5.9,4.2
591,浙江省,台州市,三门县,健跳镇,29.0544,121.5444,28,14,罗岙水库,K8846,37.9,25.9,0,0,999999,5.7,3.1
592,浙江省,台州市,温岭市,城南镇,28.3278,121.4594,10,14,温岭南,K8447,31,27.4,0,0,5219,12.2,8.3
593,浙江省,台州市,黄岩区,头陀镇,28.6425,121.1564,60,14,柑橘所,K8233,999999,999999,999999,999999,999999,999999,999999
594,浙江省,台州市,温岭市,坞根镇,28.3028,121.2569,35,14,下呈村,K8475,35.3,27.7,0,0,999999,999999,999999
595,浙江省,台州市,温岭市,新河镇,28.4511,121.4406,6,14,长屿小学,K8465,34.6,28,0,0,999999,9.9,5.7
596,浙江省,台州市,三门县,健跳镇,29.105,121.5181,45,14,海游港,K8845,35.8,26,0,0,999999,8.1,6.1
597,浙江省,台州市,玉环市,海山乡,28.21,121.1575,2,14,海山,K8504,31.8,27.5,0,0,1560,15.6,13
598,浙江省,台州市,温岭市,石塘镇,28.2717,121.7308,35,14,洛屿岛,K8488,28.1,25.6,0,0,7469,14,12.7
599,浙江省,台州市,路桥区,路北街道,28.5975,121.3692,5,14,会展中心,K8328,35.2,28.6,0,0,999999,999999,999999
