,StationName,lat,lon,IIiii
0,义乌,29.31666667,120.0666667,58557
1,东阳,29.26666667,120.2166667,58558
2,天台,29.15278,120.97056,58559
3,磐安,29.05,120.4333333,58560
4,白石山,29.26666667,121.5,58564
5,象山,29.46666667,121.8833333,58566
6,宁海,29.31666667,121.4333333,58567
7,三门,29.12278,121.38333,58568
8,石浦,29.2,121.95,58569
9,永康,28.9,120.0333333,58643
10,仙居,28.86722,120.71889,58652
11,括苍山,28.80972,120.9222,58653
12,缙云,28.66666667,120.0833333,58654
13,黄岩站,28.61806,121.09472,58655
14,乐清,28.06666667,120.9666667,58656
15,青田,28.15,120.2833333,58657
16,永嘉,28.15,120.6833333,58658
17,温州,28.03333333,120.65,58659
18,临海,28.87389,121.19278,58660
19,椒江口,28.6625,121.5108,58661
20,牛山,29.0131,121.7056,58662
21,东矶,28.71889,121.9156,58663
22,温岭,28.37278,121.35889,58664
23,洪家,28.61806,121.41639,58665
24,大陈,28.446,121.90333,58666
25,坎门,28.0775,121.27083,58667
26,披山,28.09583,121.52,58668
27,石塘,28.260317,121.616252,58669
28,文成,27.78333333,120.0833333,58750
29,平阳,27.66666667,120.5666667,58751
30,瑞安,27.78333333,120.65,58752
31,海安,27.8,120.7666667,58753
32,福鼎,27.33333333,120.2,58754
33,苍南,27.5,120.3833333,58755
34,霞关,27.16666667,120.4833333,58758
35,洞头,27.83333333,121.15,58760
36,鹿西,28,121.2333333,58761
37,大瞿,27.78333333,121.0833333,58762
38,南岳,28.18333333,121.1,58763
39,南麂,27.46666667,121.0833333,58764
40,北麂,27.63333333,121.2,58765
41,温州浮标1,27.55,121.4,58768
42,台山,27.01666667,120.6833333,F3501
43,沙埕,27.16666667,120.4166667,F3503
44,白琳,27.18333333,120.1666667,F3504
45,管阳,27.26666667,120.0333333,F3506
46,贯岭,27.38333333,120.2166667,F3507
47,F3508,27.38333333,120.1166667,F3508
48,F3510,27.31666667,120.3333333,F3510
49,F3514,27.01666667,120.2,F3514
50,F3517,27.15,120.4666667,F3517
51,F3832,27.25,120.2333333,F3832
52,宁波YJ,29.34,120.09,K0020
53,温州J,29.34,120.09,K0030
54,台州YJ,28.65,121.4,K0100
55,南溪温泉,29.36669922,121.3167038,K2033
56,石浦渔港V,29.21666667,121.9666667,K2190
57,董家,29.45,121.2333333,K2724
58,西店,29.48333333,121.4333333,K2811
59,峡山,29.48333333,121.5333333,K2812
60,深圳,29.36666667,121.3166667,K2813
61,茶山,29.38333333,121.6,K2814
62,望海岗,29.35,121.2166667,K2815
63,茶院,29.31666667,121.5333333,K2816
64,黄坛,29.3,121.2833333,K2817
65,枇杷山,29.21666667,121.5,K2818
66,胡陈,29.33333333,121.6666667,K2819
67,长街,29.21666667,121.75,K2820
68,大佳何,29.41666667,121.5333333,K2821
69,王爱,29.18333333,121.25,K2822
70,前童,29.23333333,121.35,K2823
71,蛇蟠涂,29.16666667,121.5,K2824
72,明港,29.2,121.65,K2825
73,桑州,29.13333333,121.3166667,K2826
74,雷虎岩,29.45,121.3333333,K2827
75,梅林,29.38333333,121.4333333,K2828
76,大壳岛,29.15,121.6833333,K2829
77,兰田庵,29.21666667,121.2,K2830
78,鸡垄山,29.26666667,121.5666667,K2831
79,白石山,29.26666667,121.5,K2832
80,洞门,29.25,121.6333333,K2834
81,杨染,29.26666667,121.2333333,K2835
82,东岙,29.18333333,121.4333333,K2836
83,车岙港,29.26666667,121.7166667,K2837
84,夏樟,29.46666667,121.3166667,K2838
85,南岭,29.15,121.3166667,K2839
86,宁东,29.26666667,121.6,K2840
87,柘浦街,29.33333333,121.5833333,K2841
88,史家,29.36666667,121.5,K2842
89,双溪,29.26666667,121.4333333,K2843
90,骆家坑,29.43333333,121.5166667,K2844
91,团联,29.41666667,121.5833333,K2845
92,下洋陈,29.2,121.3833333,K2846
93,山上方,29.21666667,121.4333333,K2847
94,岭口,29.48333333,121.3666667,K2848
95,张韩,29.36666667,121.6833333,K2849
96,联胜,29.3,121.6833333,K2850
97,欢乐佳田,29.23333333,121.6833333,K2851
98,下洋涂,29.18333333,121.7166667,K2852
99,洋溪,29.3,121.3666667,K2853
100,山洋,29.23333333,121.25,K2854
101,山上应,29.26666667,121.5166667,K2855
102,双盘涂,29.21666667,121.5333333,K2856
103,岔路,29.21666667,121.3166667,K2857
104,杜鹃步道,29.3,121.4666667,K2858
105,仇家,29.36666667,121.4,K2859
106,百鸟岩,29.26666667,121.2833333,K2860
107,里山,29.13333333,121.2833333,K2861
108,力洋,29.3,121.65,K2862
109,长田头,29.13,121.26,K2863
110,前岙,29.18,121.52,K2864
111,深l,29.36666667,121.3166667,K2880
112,夏樟,29.46666667,121.3166667,K2881
113,茶山,29.38333333,121.6166667,K2882
114,联胜,29.3,121.6833333,K2883
115,仇家,29.36666667,121.4,K2884
116,百鸟岩,29.26666667,121.2833333,K2885
117,桑州,29.13333333,121.3166667,K2886
118,望海岗,29.35,121.2166667,K2887
119,杨染,29.26666667,121.2333333,K2888
120,黄坛,29.31666667,121.2833333,K2889
121,黄泥桥,29.43333333,121.7166667,K2912
122,墙头,29.46666667,121.7833333,K2916
123,银洋,29.4,121.8333333,K2917
124,泗洲头,29.38333333,121.7666667,K2918
125,新桥,29.3,121.8,K2920
126,昌国盐场,29.3,121.95,K2921
127,定塘,29.23333333,121.8333333,K2922
128,高塘,29.11666667,121.8166667,K2924
129,杨柳坑,29.05,121.9333333,K2925
130,山头王,29.35,121.85,K2929
131,麦地山,29.31666667,121.8,K2932
132,蒲湾,29.16666667,121.8833333,K2933
133,白玉湾,29.16666667,121.7833333,K2934
134,东陈,29.41666667,121.9,K2935
135,美人山,29.36666667,121.7833333,K2936
136,林港,29.11666667,121.8666667,K2937
137,渔港,29.21666667,121.9666667,K2938
138,寒山,29.46666667,121.6833333,K2940
139,土上村,29.46666667,121.6833333,K2941
140,三联,29.43333333,121.9333333,K2942
141,九顷,29.41666667,121.8666667,K2945
142,里岙,29.26666667,121.8333333,K2946
143,双下湾,29.16666667,121.9666667,K2947
144,丹城,29.48333333,121.8833333,K2948
145,塔山,29.48333333,121.8833333,K2953
146,绿科农场,29.41,121.87,K2960
147,石鹤汽渡,29.18,121.93,K2961
148,亚帆中心,29.45,121.98,K2962
149,蓝尚海洋科技,29.47,121.8,K2963
150,半边山,29.26,121.96,K2967
151,银洋,29.4,121.8333333,K2980
152,杨柳坑,29.06666667,121.9333333,K2981
153,黄泥桥,29.43333333,121.7166667,K2982
154,定塘中学,29.23333333,121.8333333,K2983
155,小门,28,121.0666667,K3002
156,灵昆,27.95,120.8833333,K3003
157,北雁荡,28.36666667,121.1333333,K3004
158,白石,28.1,120.85,K3005
159,永安,27.91666667,120.3333333,K3006
160,北麂,27.63333333,121.2,K3007
161,大树村,27.78333333,120.2333333,K3008
162,南岳,28.18333333,121.1,K3009
163,南雁,27.6,120.25,K3010
164,霞关,27.16666667,120.4833333,K3011
165,苍坡村,28.36666667,120.7333333,K3012
166,新安,27.48333333,120.55,K3013
167,岭底,28.28639,120.9603,K3014
168,智仁,28.48333333,121.1166667,K3015
169,湖雾,28.3925,121.2022,K3017
170,翁,28.03333333,120.9666667,K3018
171,岐头山,27.98111,120.9469,K3019
172,赵村,27.61666667,120.15,K3020
173,凤卧,27.65,120.2833333,K3021
174,西湾,27.63333333,120.6666667,K3022
175,渔寮,27.26666667,120.5166667,K3023
176,u艚,27.5,120.6333333,K3024
177,玉苍山,27.51666667,120.3,K3025
178,北林,27.99361,120.375,K3026
179,永兴,27.85,120.8333333,K3027
180,双潮,28.13333333,120.4333333,K3028
181,钟山,28.05,120.55,K3029
182,大罗山,27.9,120.75,K3030
183,鳌江,27.61666667,120.55,K3031
184,梅溪,27.63333333,120.4666667,K3032
185,腾蛟,27.68333333,120.3166667,K3033
186,水头,27.63333333,120.35,K3034
187,玉壶,27.88333333,120.1666667,K3038
188,永强,27.91666667,120.7666667,K3040
189,瞿溪,27.98333333,120.55,K3041
190,泽雅,27.98333333,120.4166667,K3042
191,藤桥,28.06666667,120.5,K3043
192,马站,27.26666667,120.4833333,K3044
193,昌禅,27.38889,120.4028,K3045
194,莒溪,27.5,120.1833333,K3046
195,金乡,27.45,120.6333333,K3047
196,云岩,27.51666667,120.5,K3048
197,桥头,28.21666667,120.4333333,K3049
198,巽宅,28.36666667,120.4833333,K3050
199,鲤溪,28.4,120.7833333,K3051
200,中堡,28.44583,120.9336,K3052
201,砩头,28.38333333,121.0166667,K3053
202,城北,28.16666667,120.9,K3054
203,磐石,28,120.8333333,K3055
204,淡溪,28.24972,120.9858,K3056
205,巨屿,27.68333333,120.1,K3058
206,海安,27.8,120.7666667,K3059
207,阁三村,27.7,120.6666667,K3060
208,雅阳,27.38333333,120.0333333,K3062
209,月湖,27.41666667,120.2,K3064
210,朱雅,27.96666667,120.15,K3066
211,桂山,27.58333333,120.0833333,K3067
212,鹿西,28,121.2333333,K3068
213,状元岙,27.88333333,121.1166667,K3069
214,乌牛,28.11666667,120.8166667,K3070
215,西溪,28.23333333,120.5,K3071
216,溪下,28.48333333,120.4833333,K3072
217,四海山,28.5,120.75,K3073
218,北龙,27.68333333,120.9833333,K3074
219,树排头村,27.78333333,120.4833333,K3075
220,大渔,27.36666667,120.6333333,K3076
221,宁益,27.83333333,120.3,K3077
222,南策,27.76667,121.1333,K3078
223,大瞿,27.78333333,121.0833333,K3079
224,虎头屿,27.83333333,121.25,K3080
225,南山头,27.66666667,120.1666667,K3081
226,溪北,27.58333333,120.2,K3082
227,闹村,27.56666667,120.3,K3083
228,黄岗村,28.3,120.5666667,K3084
229,藻溪,27.46666667,120.45,K3085
230,福溪,28.45,121.0166667,K3086
231,西门岛,28.3133,121.2,K3087
232,气象局,28,120.6666667,K3088
233,公阳,27.73333333,120.1833333,K3096
234,沙头,28.23333333,120.7666667,K3097
235,花坦,28.25,120.8166667,K3098
236,界坑,28.45,120.4,K3099
237,南宋,27.4,120.4,K3100
238,潘坑,28.43333333,120.5833333,K3101
239,大若岩,28.26666667,120.6,K3102
240,表山,28.4,120.65,K3103
241,黄南,28.58333333,120.7166667,K3104
242,下埠,27.74583,120.6478,K3105
243,桐浦,27.85,120.55,K3106
244,林溪,27.91666667,120.4333333,K3107
245,曹村,27.73333333,120.45,K3108
246,五凤,28.06666667,120.3833333,K3109
247,九峰,27.51666667,120.1,K3110
248,珊溪,27.68333333,120.05,K3114
249,鹿木,27.86666667,120.4166667,K3116
250,平阳坑,27.76,120.37,K3117
251,赤溪,27.31666667,120.55,K3118
252,四都,28.2,120.95,K3119
253,霓屿,27.83333333,121.05,K3120
254,大荆,28.38333333,121.1333333,K3121
255,仙溪,28.41666667,120.9666667,K3122
256,桂峰,27.91666667,120.2666667,K3123
257,瓯北,28.08333333,120.7333333,K3125
258,桥下,28.18333333,120.5666667,K3126
259,吴,27.58333333,120.1166667,K3127
260,黄龙,28.01666667,120.6,K3128
261,龙港二河,27.53333333,120.6,K3129
262,五凤,27.43333333,120.2833333,K3130
263,麻步,27.6,120.4,K3131
264,鹤溪,27.66666667,120.3833333,K3132
265,宋桥,27.73333333,120.55,K3133
266,横坑,27.55,120.05,K3134
267,峰文,27.46666667,120.1333333,K3135
268,彭溪,27.43333333,120.1333333,K3136
269,上头屿,27.55,120.7166667,K3137
270,双桂,27.7,120.15,K3145
271,十源,27.91666667,120.0166667,K3148
272,金星,27.96666667,120.0666667,K3149
273,榆,27.68333333,120.6166667,K3150
274,朝阳,27.58333333,120.3666667,K3151
275,龙尾,27.71666667,120.2833333,K3152
276,钱仓,27.6,120.5166667,K3153
277,青街,27.55,120.2,K3154
278,平和,27.76666667,120.2166667,K3157
279,樟台,27.78333333,120.1666667,K3158
280,周壤,27.85,120.1333333,K3159
281,仙降,27.80861,120.5183,K3160
282,屿后,27.74861,120.2825,K3161
283,大南,27.71666667,120.4166667,K3162
284,七都,28,120.7666667,K3163
285,汀田街道,27.8,120.6833333,K3164
286,丽岙,27.91666667,120.65,K3165
287,双屿,28.03333333,120.5833333,K3166
288,梅屿,27.8,120.45,K3167
289,石帆,28.18333,121.0161,K3168
290,顺泰,27.78333333,120.4,K3169
291,陶山,27.85,120.4666667,K3170
292,潘岱,27.86666667,120.6,K3171
293,虹桥,28.21666667,121.0166667,K3172
294,镇安,28.46666667,121.1666667,K3173
295,雁湖,28.31666667,120.9833333,K3174
296,罗凤,27.85,120.6666667,K3175
297,芳庄,27.96666667,120.3666667,K3176
298,东岩,27.81666667,120.2,K3177
299,芙蓉,28.31666667,121.0166667,K3178
300,白象,28.01666667,120.8666667,K3179
301,铜盘岛,27.71305,120.8925,K3180
302,下寮,28.23333333,120.6666667,K3181
303,茗岙,28.26666667,120.55,K3182
304,渠口,28.26666667,120.7333333,K3183
305,陡门,28.2,120.8333333,K3184
306,鹤盛,28.4,120.9,K3185
307,岩坦,28.48333333,120.7166667,K3186
308,枫林,28.31666667,120.8,K3187
309,山坑,28.36666667,120.5666667,K3188
310,石染,28.35,120.3833333,K3189
311,铁店,28.5,120.6333333,K3190
312,岷岗,27.95,120.55,K3191
313,岙底,28.1,120.4666667,K3192
314,临江,28.13333333,120.5166667,K3193
315,仙岩,27.88333333,120.6666667,K3194
316,天河,27.86666667,120.7833333,K3195
317,万全,27.75,120.6,K3196
318,宋埠,27.66666667,120.6333333,K3197
319,昆阳平塔,27.63333333,120.5666667,K3198
320,晓坑,27.65,120.2,K3199
321,山门,27.63333333,120.25,K3200
322,梅源,27.65,120.45,K3201
323,南湖,27.61666667,120.3666667,K3202
324,凤巢,27.7,120.3666667,K3203
325,萧江,27.56666667,120.4166667,K3204
326,大门,27.95,121.0833333,K3205
327,松,27.48333333,120.0833333,K3211
328,瑞安中学,27.8,120.6166667,K3216
329,飞云,27.75,120.6,K3217
330,鲍田,27.8,120.7333333,K3218
331,高楼,27.8,120.3,K3219
332,湖岭,27.9,120.3833333,K3220
333,枫岭,27.88333333,120.25,K3221
334,花岩,27.83111,120.3128,K3222
335,碧山,27.83333333,120.5333333,K3223
336,金川,27.95,120.4,K3224
337,里阳,27.83333333,120.0833333,K3226
338,东溪,27.91666667,120.1166667,K3227
339,金炉,27.75,120.05,K3228
340,龙川,27.78333333,120.05,K3229
341,上林,27.81666667,120.1833333,K3230
342,N口,27.76666667,120.1333333,K3231
343,周山,27.71666667,120.1666667,K3232
344,金,27.76666667,120.1166667,K3234
345,西岙,28.41666667,120.3833333,K3235
346,溪一村,28.43333333,120.7166667,K3236
347,西源,28.41666667,120.8333333,K3237
348,龙沙,27.38333333,120.55,K3238
349,中墩,27.35,120.5333333,K3239
350,观美,27.45,120.3666667,K3240
351,浦亭,27.51666667,120.3666667,K3241
352,马站金山,27.26666667,120.4666667,K3242
353,瑶溪,27.93333333,120.7666667,K3243
354,分水关,27.43333333,120.25,K3244
355,景山,28,120.6333333,K3245
356,梧田,27.96666667,120.6833333,K3246
357,腾,27.53333333,120.2333333,K3247
358,灵溪,27.48333333,120.4333333,K3248
359,矾山,27.33333333,120.4,K3249
360,沿浦,27.21666667,120.4833333,K3250
361,宜山,27.5,120.5333333,K3251
362,钱库,27.46666667,120.5666667,K3252
363,蒲城,27.25,120.45,K3253
364,岱岭,27.28333333,120.4166667,K3254
365,平屿,27.41666667,121.0666667,K3255
366,黎明,28.01666667,120.7333333,K3256
367,星海,27.86666667,120.8166667,K3257
368,三,27.98333333,120.7166667,K3258
369,上戍,28.08333333,120.5333333,K3259
370,状元,27.95,120.7333333,K3260
371,南郊,28,120.6333333,K3261
372,郭溪,28.03333333,120.5,K3262
373,石砰,27.4,120.6333333,K3263
374,双峰,28.46666667,121.0666667,K3264
375,南塘,28.26666667,121.1166667,K3265
376,柳市,28.03333333,120.8833333,K3266
377,凤阳,27.33333333,120.4,K3267
378,南白象,27.91666667,120.6666667,K3268
379,龙港西河,27.55,120.5166667,K3269
380,北关岛,27.16666667,120.5166667,K3270
381,望洲山,27.48333333,120.6,K3271
382,桥墩水库,27.46666667,120.2,K3272
383,呈坑,28.48333333,120.5833333,K3273
384,古庙,28.23639,120.8172,K3274
385,昆阳,28.26666667,120.5666667,K3275
386,崖下库,28.3,120.6666667,K3276
387,蒲州,28,120.7333333,K3278
388,松台,28.01666667,120.6333333,K3279
389,沙城,27.88333333,120.8,K3280
390,海城,27.83333333,120.7666667,K3281
391,海滨蓝田,27.93333333,120.85,K3282
392,鸣山,27.68333333,120.55,K3283
393,南滨,27.71666667,120.65,K3284
394,瑞安四中,27.78333333,120.6666667,K3285
395,玉海中学,27.78333333,120.6166667,K3286
396,国岭,27.43333333,120.0166667,K3288
397,凤浦岛,27.56666667,120.4833333,K3289
398,凤池,27.53333333,120.3833333,K3290
399,炎亭,27.48333333,120.6166667,K3291
400,周村,27.78333333,120.0833333,K3292
401,乐成,28.11666667,120.9666667,K3293
402,前山,27.58333333,120.2333333,K3294
403,沙岭,27.16666667,120.4333333,K3297
404,望海楼,27.81666667,121.1,K3298
405,娄桥,27.95,120.6166667,K3299
406,岙外,27.96666667,121.1833333,K3300
407,竹屿,27.81666667,121.2,K3301
408,南塘,27.81666667,121.1333333,K3302
409,百浪鼓,27.81666667,121.1166667,K3303
410,半屏山,27.81666667,121.15,K3304
411,鳌江三中,27.6,120.5666667,K3305
412,桃源渡心村,27.6,120.4666667,K3306
413,天成街道,28.16666667,121.0333333,K3307
414,榆象湾村,27.66666667,120.6166667,K3308
415,东沙村,27.83333333,121.1666667,K3309
416,箬隆村,28.11666667,120.7,K3310
417,峙口,28.16666667,120.7666667,K3311
418,朱岙村,28.2,120.65,K3312
419,九龙山,28.46666667,120.95,K3313
420,林下村,28.15,120.4666667,K3314
421,西章,28.2,120.6,K3315
422,大联村,28.06666667,120.7666667,K3316
423,莘塍,27.75,120.7166667,K3317
424,官山岛,27.33333333,120.5833333,K3318
425,满田林场,27.63333333,120.2333333,K3319
426,大门寨楼,27.98333333,121.1,K3320
427,乌岩山,28.15,120.6833333,K3321
428,龙山,28.16666667,120.7,K3322
429,上望东安,27.75,120.7,K3323
430,云周杏里,27.78333333,120.5666667,K3324
431,南塘镇,28.23333333,121.1333333,K3325
432,城东街道,28.16666667,120.9833333,K3326
433,溪下罗,28.53333333,120.5166667,K3327
434,溪下黄一,28.56666667,120.45,K3328
435,黄田凤屿,28.1,120.65,K3329
436,岩头高山,28.45,120.8333333,K3330
437,岩坦石阵,28.51666667,120.8,K3331
438,枫林山头,28.31666667,120.75,K3332
439,茗岙章岙,28.3,120.4833333,K3333
440,大若岩双岙,28.31666667,120.6166667,K3334
441,金溪茶一,28.26666667,120.4333333,K3335
442,三江行蝉,28.1,120.7333333,K3336
443,鹤盛鹤泉,28.36666667,120.8666667,K3337
444,沙头马田,28.3,120.85,K3338
445,望里港头,27.48333333,120.5166667,K3339
446,南关岛,27.15,120.4666667,K3340
447,横坑上宅,27.55,120.0333333,K3343
448,青山,27.91666667,121.1,K3347
449,莒溪天井,27.55917,120.0803,K3348
450,大门沙岙,27.97389,121.1253,K3349
451,大门观音礁,27.96472,121.1358,K3350
452,王宅,27.97778,121.0639,K3351
453,大山岛,27.93389,121.2172,K3352
454,大笔架屿,27.9225,121.1661,K3353
455,香花屿,27.74889,121.1689,K3354
456,南炮台,27.82417,121.1742,K3355
457,下埠宅,28.22583,120.9989,K3356
458,昌门,28.52194,121.1453,K3357
459,蒲岐,28.15889,121.0647,K3358
460,金鸡山,27.96056,120.2492,K3359
461,丁凤,27.71722,120.4728,K3360
462,小虎头屿,27.6172,121.1253,K3361
463,麻山,28.135,120.6339,K3362
464,陈周,28.46111,120.7706,K3363
465,岭背,28.58028,120.6525,K3364
466,王山,28.5525,120.7453,K3365
467,石鸟,28.49139,120.6164,K3366
468,正江山,28.35583,120.8608,K3367
469,篷溪,28.37222,120.8144,K3368
470,信岙,28.40611,120.4311,K3369
471,河口岙,28.06806,120.805,K3370
472,桥头黄堡,28.18861,120.4675,K3371
473,灵昆周宅,27.97,120.88,K3372
474,灵昆雁升,27.96,120.94,K3373
475,清江万乐农场,28.27278,121.0572,K3374
476,岭底张庄,28.29972,120.9308,K3375
477,龙西叶山,28.37,120.97,K3376
478,岩坦潘塘,28.53,120.66,K3377
479,界坑上董,28.46,120.38,K3378
480,茗岙章当,28.32,120.51,K3379
481,巽宅雷付,28.37,120.35,K3380
482,黄田千石,28.07,120.67,K3381
483,金溪岭一,28.27,120.49,K3382
484,鹤盛谷庄,28.36,120.93,K3383
485,岩头里岙,28.32,120.71,K3384
486,岩头抱岙,28.42,120.77,K3385
487,桥下京岸,28.17,120.54,K3386
488,云岭李川,28.47,120.88,K3387
489,云岭云栖,28.47,120.92,K3388
490,溪下麻茶,28.52,120.46,K3389
491,桐浦太平山,27.9,120.55,K3390
492,马屿曾光,27.76,120.47,K3391
493,霞关南坪,27.19,120.49,K3392
494,芦浦,27.52,120.61,K3393
495,灵溪横浦,27.52,120.43,K3394
496,灵溪仓浃,27.55,120.46,K3395
497,沙头中学,28.2,120.76,K3396
498,崇德学校,28.14,120.68,K3397
499,沙头乌龙川,28.24,120.84,K3398
500,城东实验小学,28.11,121.01,K3399
501,仙溪一小,28.42,121.07,K3400
502,百丈T,27.83329964,120.0167007,K3402
503,雅阳氡泉,27.38330078,120.0832977,K3404
504,望海楼,27.83329964,121.1333008,K3405
505,鸣山,27.68330002,120.5500031,K3406
506,永嘉,28.14999962,120.6832962,K3407
507,温州,28.0333004,120.6500015,K3408
508,瑞安,27.7833004,120.6500015,K3409
509,乐清,28.06669998,120.9666977,K3410
510,苍南,27.48329926,120.3833008,K3412
511,文成,27.7833004,120.0832977,K3413
512,平阳,27.66670036,120.5667038,K3414
513,洞头,27.83329964,121.1500015,K3415
514,南麂空心屿,27.46,120.96,K3440
515,灵昆沙塘,27.96,120.89,K3441
516,小霓屿岛,27.84,121,K3442
517,大荆水叠湖,28.45,121.19,K3443
518,仙溪联红,28.43,120.98,K3444
519,大荆平园,28.44,121.11,K3445
520,柳市里隆,28,120.89,K3446
521,淡溪硐,28.25,120.93,K3447
522,北白象印屿,28.06,120.81,K3448
523,平等,27.54,120.54,K3449
524,鹤顶山,27.32,120.43,K3450
525,官引,27.4,120.12,K3452
526,前坪,27.46,120.03,K3453
527,滨海博纳,27.67,120.67,K3458
528,麻步西岙,27.63,120.38,K3459
529,闹村静凉山,27.55,120.3,K3460
530,顺溪水库,27.57,120.17,K3461
531,马屿五云山,27.82,120.39,K3462
532,高楼宁安,27.83,120.26,K3463
533,莘塍四坦,27.76,120.71,K3464
534,珊溪南村,27.66,120.06,K3466
535,黄坦济下,27.74,120.04,K3467
536,娄桥龙舟基地,27.96,120.61,K3468
537,状元大岙溪,27.96,120.73,K3469
538,瓯江口北大桥,27.98,120.93,K3470
539,桥墩东山,27.52,120.26,K3472
540,沿浦东浦,27.23,120.46,K3473
541,灵溪渡龙,27.5,120.42,K3474
542,公阳驮尖,27.73,120.18,K3475
543,赤溪园林,27.33,120.49,K3476
544,沿浦大岵,27.24,120.47,K3477
545,赤溪新东,27.31,120.55,K3478
546,沿浦界牌,27.22,120.4,K3479
547,雁荡一中,28.35,121.14,K3480
548,柳市第十七小学,28.08,120.87,K3481
549,虹桥一小,28.21,121.05,K3482
550,淡溪玛瑙,28.2,120.91,K3483
551,岭底湖上,28.31,120.91,K3484
552,市乐成仰根,28.17,120.94,K3485
553,北岙三盘,27.87,121.16,K3486
554,山坪,27.98,121.19,K3487
555,奥体中心,27.92,120.8,K3488
556,N口渡渎,27.74,120.12,K3489
557,N口九山,27.77,120.16,K3490
558,双桂桂东,27.7,120.17,K3492
559,南麂铁塔,27.48,121.05,K3493
560,矾山埔坪,27.37,120.36,K3494
561,矾山宜矾,27.35,120.39,K3495
562,藻溪浦澳,27.47,120.45,K3496
563,望里北岙,27.49,120.5,K3497
564,新城达农业园,27.58,120.61,K3498
565,新城正大农业园,27.55,120.64,K3499
566,岩头中学,28.34,120.73,K3500
567,朱涂小学,28.15,120.49,K3501
568,平渔01,27.58333333,120.5833333,K3502
569,海巡07131,27.96666667,121.1833333,K3503
570,瑞安船舶,27.75,120.9,K3506
571,泽雅下良,27.99,120.42,K3507
572,朝阳,27.58333333,120.3666667,K3551
573,大罗山,27.9,120.75,K3552
574,北林,28,120.3833333,K3553
575,九峰,27.51666667,120.1,K3556
576,城北,28.16666667,120.9166667,K3557
577,望海楼,27.81666667,121.1,K3559
578,四海山,28.5,120.75,K3560
579,玉苍山,27.51666667,120.3,K3561
580,矾山,27.33333333,120.4,K3562
581,望洲山,27.48333333,120.6,K3563
582,桂峰,27.91666667,120.2666667,K3564
583,大南,27.71666667,120.4166667,K3565
584,吴,27.58333333,120.1166667,K3566
585,枫林,28.31666667,120.8,K3567
586,中堡,28.45,120.9333333,K3568
587,应坑,28.41666667,120.5166667,K3569
588,北雁荡,28.35,121.0833333,K3570
589,岭底,28.28333333,120.95,K3571
590,霓屿,27.83333333,121.05,K3572
591,金星,27.96666667,120.0666667,K3574
592,智仁昌门,28.5219,121.1453,K3575
593,金鸡山,27.956,120.248,K3576
594,岭底张庄,28.3,120.93,K3577
595,马屿农气,27.83333333,120.45,K3601
596,梅屿农气,27.75,120.4666667,K3602
597,龙川草莓基地,27.8,120.0666667,K3606
598,翁蔬菜基地,28.01666667,120.95,K3607
599,大荆石斛基地,28.45,121.1333333,K3608
600,湖屿农气,27.71666667,120.2166667,K3609
601,雁荡,28.35,121.13,K3610
602,梅屿潘,27.83333333,120.4666667,K3611
603,马屿增,27.76666667,120.4666667,K3612
604,半岭,28.06666667,120.75,K3613
605,石斛基地,27.83333333,120.3333333,K3617
606,后寮村,27.83333333,121.15,K3618
607,昆阳农气,28.26666667,120.5833333,K3622
608,陶山农气,27.83333333,120.5166667,K3623
609,北麂,27.62,121.2,K3626
610,马站中魁四季柚,27.26,120.48,K3630
611,马屿蛟池,27.71,120.4,K3631
612,马屿蛟池,27.8,120.41,K3632
613,枫林外档,28.3,120.76,K3633
614,鹿西白龙屿海水养殖,27.99,121.23,K3634
615,飞云,27.78,120.6,K3650
616,十八尖交通站,27.8,120.0333333,K3651
617,彭溪富,27.4333,120.18,K3653
618,昆阳交通站,27.68333333,120.5666667,K3654
619,珊溪毛坑,27.61666667,120.05,K3701
620,玉壶林龙,27.90806,120.1917,K3702
621,凤巢溪头,27.68333333,120.3666667,K3704
622,晓坑中心,27.68333333,120.1833333,K3705
623,凤卧赤砂,27.66666667,120.25,K3706
624,富溪,27.58333333,120.1666667,K3707
625,浦山,27.63333333,120.3,K3708
626,联丰,27.66666667,120.4666667,K3709
627,花岙,28.05,120.6666667,K3710
628,六岙,28.1,120.6,K3711
629,北溪,28.46666667,120.5166667,K3712
630,应坑,28.41666667,120.5166667,K3713
631,五尺,28.38333333,120.6666667,K3714
632,石柱,28.26666667,120.75,K3715
633,荆谷,27.8,120.5,K3716
634,潮基,27.9,120.4166667,K3717
635,西湾一沙,27.6,120.6333333,K3721
636,岭头,27.88333333,120.0833333,K3723
637,光明,27.91666667,120.2166667,K3724
638,岩坦叶坑,28.49,120.67,K3731
639,界坑兴发,28.43,120.44,K3732
640,岩坦岩龙,28.49,120.55,K3733
641,大若岩白泉,28.29,120.62,K3734
642,枫林东升,28.35,120.76,K3735
643,碧莲大树,28.38,120.53,K3736
644,沙头阳岙,28.19,120.74,K3737
645,沙头东川,28.26,120.79,K3738
646,巽宅麻庄,28.34,120.46,K3739
647,巽宅邵川,28.33,120.45,K3740
648,金溪黄村,28.27,120.45,K3741
649,桥头T溪,28.2,120.45,K3742
650,鹤盛岩峰,28.39,120.94,K3743
651,岩头麻家溪,28.37,120.63,K3744
652,桥下徐山,28.13,120.6,K3745
653,云岭南山,28.42,120.93,K3746
654,南城龙华,28.15,120.65,K3747
655,乌牛西岙,28.1,120.79,K3748
656,三江梅园,28.04,120.73,K3749
657,瓯北五星,28.04,120.6,K3750
658,北城横溪,28.18,120.68,K3751
659,东城大岙坦,28.19,120.8,K3752
660,溪下陈山头,28.55,120.49,K3753
661,鳌江凤里,27.63,120.44,K3754
662,鳌江咏梅,27.63,120.45,K3755
663,鳌江白水,27.6,120.48,K3756
664,麻步振贤,27.62,120.41,K3757
665,青街王神洞,27.54,120.22,K3758
666,青街十五亩,27.55,120.22,K3759
667,水头金山,27.64,120.3,K3760
668,水头雁溪,27.63,120.31,K3761
669,水头新安,27.67,120.36,K3762
670,水头凤湾,27.65,120.34,K3763
671,水头湖南,27.6,120.35,K3764
672,水头上店,27.62,120.31,K3765
673,水头雅屿,27.65,120.36,K3766
674,腾蛟南陀,27.67,120.34,K3767
675,腾蛟北溪,27.68,120.35,K3768
676,钱库岭脚,27.43,120.56,K3769
677,大若岩九房,28.27,120.67,K3770
678,大若岩龙,28.3,120.65,K3771
679,大若岩梧涨,28.27,120.65,K3772
680,大若岩小若口,28.28,120.68,K3773
681,南城东兴,28.13,120.72,K3774
682,南城黄屿,28.13,120.71,K3775
683,南城李观,28.14,120.71,K3776
684,桥下八里,28.16,120.55,K3777
685,桥下韩埠,28.16,120.55,K3778
686,沙头稠树,28.23,120.75,K3779
687,岩头烘头,28.28,120.74,K3780
688,岩头黎明,28.38,120.65,K3781
689,万全周,27.71,120.58,K3782
690,滨江气象局,28.02,120.69,K3798
691,南麂浮筒,27.52,120.89,K3799
692,瞿溪雄岙,27.96,120.5,K3800
693,岩头西川,28.38,120.71,K3801
694,,28.15,120.69,K3832
695,平阳下垫面,27.66666667,120.5666667,K3840
696,藤桥枫林岙,28.1,120.51,K3900
697,藤桥油岙,28.07,120.49,K3901
698,二高,28.01666667,120.6,K3911
699,廿一中,28,120.6666667,K3912
700,瓯北一小,28.05,120.6666667,K3913
701,安阳环保,27.78333333,120.65,K3915
702,玉海环保,27.8,120.6166667,K3916
703,民航温州,27.88333333,120.8333333,K3917
704,玉苍山B,27.50722,120.3025,K3990
705,南麂B,27.46666667,121.0833333,K3991
706,平屿B,27.41666667,121.0666667,K3992
707,三湿地,27.96666667,120.7,K3993
708,苍南,27.5,120.3833333,K3995
709,上头屿B,27.55,120.7166667,K3996
710,北麂B,27.63333333,121.2,K3997
711,霓屿B,27.83333333,121.05,K3998
712,霞关社区,27.16666667,120.4833333,K3999
713,岭北,29.4,120.3,K4208
714,水带,29.43333333,120.3333333,K4236
715,岭北雪深,29.4,120.3,K4262
716,龙门顶,29.48333333,120.4333333,K4263
717,理家,29.46666667,120.3166667,K4264
718,龙门顶雪深,29.48333333,120.4333333,K4325
719,南山,29.43333333,120.5833333,K4603
720,里南,29.43333333,120.6833333,K4608
721,d溪,29.35,120.6166667,K4613
722,贵门,29.4,120.6166667,K4631
723,开元,29.48333333,120.6166667,K4632
724,大昆村,29.48333333,120.5333333,K4646
725,长乐小学,29.46666667,120.6166667,K4647
726,贵门,29.4,120.6166667,K4652
727,八宿屋村,29.4,120.68,K4673
728,汉溪湾,29.49,120.6,K4677
729,小坑,29.46,120.77,K4683
730,屏岫,29.38,120.69,K4686
731,何家坞,29.39,120.72,K4690
732,南山湖,29.39999962,120.5832977,K4709
733,蔡王,29.46,120.65,K4729
734,回山,29.28333333,120.8166667,K4801
735,儒岙,29.35,120.9333333,K4802
736,西山,29.48333333,120.9833333,K4803
737,沙溪,29.46666667,121.1333333,K4804
738,镜岭,29.36666667,120.7833333,K4805
739,雪头,29.41666667,121.1666667,K4807
740,里东,29.36666667,121.1,K4808
741,长沼,29.41666667,121.0333333,K4809
742,东茗,29.43333333,120.85,K4810
743,双彩,29.33333333,120.8333333,K4811
744,红庄,29.46666667,120.8,K4813
745,燕窠,29.41666667,120.7666667,K4814
746,平湖,29.45,120.9333333,K4815
747,彭顶山,29.46666667,121.0166667,K4817
748,城南乡,29.48333333,120.9,K4818
749,练使,29.3,120.7833333,K4821
750,琅珂,29.4,120.8833333,K4822
751,王岙水库,29.41666667,120.9333333,K4823
752,长沼林场,29.41666667,121,K4825
753,五平村,29.41666667,121.05,K4826
754,治国坞,29.3,120.9333333,K4827
755,芹塘,29.3367,121.1,K4829
756,彭坑,29.3367,121.0333,K4832
757,穿岩,29.38333333,120.8,K4834
758,彭顶山雪深,29.46666667,121.0166667,K4836
759,东茗雪深,29.43333333,120.8333333,K4838
760,雪溪茶场,29.46666667,121.1833333,K4839
761,外婆坑,29.33333333,120.7166667,K4841
762,外婆坑雪深,29.33333333,120.7166667,K4842
763,横板桥雪深,29.35,120.9333333,K4843
764,罗坑山雪深,29.36666667,121.1666667,K4844
765,新任村,29.31666667,120.5333333,K4846
766,马安山,29.38333333,120.5166667,K4847
767,钟林山,29.48333333,120.9666667,K4848
768,猪山水厂,29.48333333,120.9166667,K4851
769,西花园,29.45,120.7833333,K4853
770,梅诸,29.48333333,120.8166667,K4854
771,石磁村,29.37,120.99,K4855
772,上里村,29.36,120.98,K4856
773,圳塍村,29.38,120.91,K4857
774,横山村,29.35,120.9,K4858
775,王里山村,29.26,120.88,K4859
776,新合村,29.29,120.87,K4860
777,兰沿村,29.46,120.95,K4863
778,班竹村,29.39,120.94,K4866
779,泄下村,29.41,120.81,K4868
780,兴旺,29.41,120.77,K4869
781,鳌峰村,29.45,121.06,K4870
782,坑西村,29.47,121,K4871
783,浙东茶场,29.49,121,K4872
784,寨岭村,29.41,121.07,K4873
785,拨云间茶场,29.4,120.98,K4875
786,城东实验学校,29.48,120.93,K4876
787,万丰机场,29.45,121.01,K4877
788,安山村,29.33,120.74,K4878
789,暖坞坑村,29.38,120.74,K4879
790,坟山脚,29.34,120.77,K4880
791,百鸟茶场,29.34,120.8,K4881
792,上贝村,29.32,120.87,K4882
793,官元村,29.28,120.79,K4883
794,双溪村,29.29,120.86,K4884
795,旧里村,29.31,120.82,K4885
796,大宅里村,29.28,120.85,K4886
797,荷塘村,29.26,120.83,K4887
798,下塘村,29.3,120.84,K4888
799,后谢,29.33,120.86,K4889
800,雅里村,29.27,120.8,K4890
801,安顶山,29.24,120.79,K4891
802,东茗小学,29.43,120.83,K4892
803,里王村,29.42,120.86,K4893
804,白岩村,29.38,120.86,K4894
805,下岩贝村,29.38,120.82,K4895
806,里小将村,29.38,121.13,K4896
807,迭里村,29.4,121.14,K4897
808,茅洋村,29.37,121.04,K4898
809,新欣村,29.33,121.05,K4899
810,南天门,29.35,121.15,K4900
811,罗坑山,29.36666667,121.1666667,K4901
812,罗坑山,29.36669922,121.1667023,K4906
813,黄坑村,29.49,121.21,K4911
814,姚宫八里,29.43,120.9,K4912
815,韩妃村,29.35,120.86,K4913
816,八寺山,29.46,120.89,K4914
817,天姥山,29.37,120.96,K4915
818,苏溪,29.4,120.1333333,K6012
819,廿三里,29.35,120.1666667,K6013
820,赤岸,29.15,120.0333333,K6015
821,南马,29.1,120.2,K6016
822,横店,29.15,120.3166667,K6017
823,巍山,29.33333333,120.4333333,K6018
824,前仓,28.8,120.0833333,K6019
825,方岩,28.95,120.1833333,K6020
826,桥下,29.03333333,120.1833333,K6021
827,象珠,29.03333333,120.0833333,K6030
828,三单,29.3,120.6333333,K6036
829,浪坑坞,29.33333333,120.25,K6037
830,歌山,29.28333333,120.4,K6038
831,千祥,29.03333333,120.3166667,K6039
832,八达,29.2,120.5166667,K6040
833,西垣,29.45,120.45,K6041
834,六石,29.3,120.3333333,K6042
835,画水,29.16666667,120.1333333,K6043
836,佛堂,29.2,120.0166667,K6047
837,鹤田,29.41666667,120.05,K6051
838,大陈,29.46666667,120.1166667,K6052
839,大畈,29.48333333,120.25,K6053
840,杨溪,28.9,120.15,K6062
841,溪岸,28.96666667,120.1333333,K6064
842,徐村,29.25,120.05,K6065
843,八都,29.46666667,120.1666667,K6066
844,卫星,29.38333333,120.1833333,K6067
845,横锦,29.25,120.45,K6068
846,南江,29.15,120.4333333,K6069
847,虎鹿,29.36666667,120.45,K6070
848,佐村,29.3,120.55,K6071
849,仁川,28.9,120.4166667,K6078
850,双溪,29.11666667,120.5,K6079
851,大盘,29,120.5666667,K6080
852,方前,29.05,120.6833333,K6081
853,尚湖,29.15,120.65,K6082
854,尖山,29.21666667,120.7166667,K6083
855,南溪,29.2,120.1833333,K6084
856,中山,29.06666667,120.1166667,K6095
857,棠溪,28.96666667,120.3,K6096
858,玉山,29.23333333,120.65,K6099
859,维新,28.95,120.6,K6100
860,深泽,29,120.4166667,K6101
861,胡宅,29.25,120.75,K6102
862,怀鲁,29.4,120.3833333,K6105
863,舟山,28.8,120.1833333,K6109
864,更楼下,29.21666667,120.2833333,K6112
865,新渥,28.95,120.3833333,K6121
866,百丈潭,28.86666667,120.4333333,K6122
867,溪岸,28.95,120.1333333,K6123
868,前仓,28.8,120.0833333,K6124
869,高二乡,28.91666667,120.5666667,K6125
870,新楼,28.86666667,120.2166667,K6134
871,白云,29.3,120.1833333,K6138
872,马宅,29.08333333,120.3666667,K6139
873,花果山,29,120.5166667,K6146
874,窈川,29.1,120.5666667,K6147
875,九和,29.18333333,120.6,K6148
876,朱路,29.48333333,120.0666667,K6149
877,北苑,29.33333333,120.0333333,K6154
878,稠江,29.28333333,120.0333333,K6156
879,盘峰,28.93333333,120.5333333,K6159
880,筻里,28.88333333,120.1,K6164
881,长城工区,28.9,120.0666667,K6165
882,西溪,29,120.2333333,K6166
883,楂林,29.48333333,120.1333333,K6168
884,裘家岭,29.23333333,120.2,K6170
885,绣湖,29.31666667,120.0666667,K6171
886,斯村,29.15,120.1833333,K6172
887,双峰,28.91666667,120.45,K6178
888,佐村村,29.18333333,120.2833333,K6179
889,姚塘村,28.83333333,120.0666667,K6186
890,荷叶塘,29.38333333,120.1166667,K6187
891,山口村,29.28333333,120.1166667,K6188
892,里西岗,29.45,120.25,K6190
893,塔山村,29.2,120.05,K6191
894,西竹园,28.96666667,120.1666667,K6192
895,江南中学,29.3,120.2,K6193
896,梦幻谷,29.14,120.3,K6194
897,沈粮,29.34,120.43,K6197
898,上山,29.4,120.37,K6198
899,外国语,28.86666667,120.0333333,K6200
900,万苍乡,29.18333333,120.6833333,K6210
901,五峰书院,28.93333333,120.1833333,K6211
902,四中,28.88333333,120.0166667,K6220
903,弓塘,28.98333333,120.1333333,K6221
904,小溪口,29.12,120.1,K6222
905,峰箬,28.83333333,120.1333333,K6225
906,西溪,29.01666667,120.2333333,K6229
907,水珠塘,29.09,120.27,K6230
908,西街,29.26666667,120.7333333,K6231
909,亭塘,29.3,120.2333333,K6232
910,吴山,29.31666667,120.1666667,K6233
911,金村,29.26666667,120.2,K6234
912,永康中学,28.91666667,120.0166667,K6236
913,郭宅,29.22,120.39,K6237
914,义中,29.21666667,120.0833333,K6238
915,钱塘,29.31666667,120.1833333,K6243
916,梅湖,29.31666667,120.1,K6244
917,新凉亭,29.36666667,120.0666667,K6245
918,后宅中学,29.38333333,120.05,K6246
919,磐中,29.05,120.46,K6248
920,黄檀林场,28.86,120.46,K6250
921,滑雪场,28.93,120.6,K6251
922,岭干,29.1,120.65,K6252
923,大爱城,29.04,120.61,K6254
924,高姥山,28.89,120.54,K6257
925,仁川,28.91,120.4,K6258
926,栗岭,29.25,120.69,K6260
927,圆明园,29.14,120.27,K6265
928,湖溪镇政府,29.18,120.39,K6266
929,东阳江镇政府,29.25,120.44,K6268
930,马宅岭干顾,29.12,120.49,K6271
931,东岘社区,29.26,120.24,K6272
932,西牌楼,29.27,120.2,K6273
933,大联,29.15,120.23,K6276
934,歌山夏湖呈,29.29,120.37,K6280
935,尚湖能见度,29.17,120.68,K6284
936,尖山能见度,29.23,120.74,K6285
937,尚湖农气,29.15,120.67,K6289
938,仁川天网,28.91,120.47,K6290
939,后陈村,29.29,120.25,K6292
940,东白山茶场,29.49,120.46,K6293
941,石塔山,29.33,120.35,K6300
942,上村,29.28,120.52,K6301
943,毛埠头,29.32,120.64,K6302
944,方前水温站,29.05,120.68,K6317
945,里田石,28.99,120.65,K6318
946,上横山,29.16,120.54,K6319
947,墨林,29.06,120.56,K6320
948,自家庄,29.21,120.63,K6321
949,麻家村,29.39,120.51,K6337
950,宅口,29.35,120.55,K6338
951,下陈,29.07,120.36,K6339
952,岭脚,28.98,120.37,K6340
953,前傅,29.41,120.08,K6344
954,朝塘,29.49,120.16,K6345
955,北金山,29.48,120.12,K6346
956,玉米研究所,29.27,120.32,K6347
957,枫树岭隧道,29.41,120.36,K6348
958,联五,29.37,120.21,K6353
959,东门村站,29.18,120.45,K6354
960,八脚坎,29.34,120.15,K6355
961,上八石,29.15,120.01,K6356
962,浮牌,29.22,120.67,K6362
963,新渥大山下,28.99,120.39,K6363
964,任岭脚,29.28,120.21,K6373
965,上林口,29.3,120.47,K6374
966,林村,29.15,120.17,K6387
967,屏岩洞府,29.18,120.3,K6388
968,禹山高尔夫球场,29.17,120.34,K6389
969,后畈,29.46,120.11,K6390
970,立碑塘,29.37,120.16,K6391
971,县尚湖袁村,29.17,120.66,K6392
972,尚湖杜家村,29.13,120.71,K6393
973,尚湖尚路研,29.1,120.6,K6394
974,窈川新锦,29.12,120.57,K6395
975,窈川川一,29.1,120.54,K6396
976,盘峰大岭头,28.92,120.5,K6397
977,冷水潘潭,28.89,120.31,K6398
978,安文岗头,29.04,120.51,K6399
979,双溪潘庄,29.14,120.49,K6400
980,九和锦湖,29.19,120.58,K6401
981,冷水箬坑,28.92,120.32,K6402
982,羊角山,29.27,120.02,K6406
983,斗潭,28.79,120.14,K6416
984,上考,29.03,120.1,K6423
985,寨口,28.98,120.26,K6424
986,王溪田,28.99,120.06,K6425
987,金坑,29.08,120.08,K6427
988,柿后,28.96,120.14,K6428
989,下溪池,28.97,120.16,K6429
990,后宅,29.04,120.19,K6430
991,长坑,28.88,120.2,K6431
992,姓傅,28.86,120.13,K6433
993,山下,28.97,120.02,K6434
994,尚黄桥,28.94,120.28,K6435
995,铜山,28.91,120.24,K6436
996,石雅,28.79,120.03,K6437
997,坑口,28.99,120.2,K6438
998,新乐,29.43,120.12,K6439
999,巧溪,29.42,120.18,K6440
1000,陈村,29.21,120.09,K6441
1001,上金,29.44,120.07,K6442
1002,湖门,29.39,120.03,K6443
1003,尖山,29.21666667,120.7166667,K6716
1004,西溪,29.03333333,120.2333333,K6719
1005,棠溪,28.96666667,120.3,K6720
1006,杨溪,28.88333333,120.15,K6721
1007,椒坑,29.01666667,120.0166667,K6723
1008,朱路,29.48333333,120.0666667,K6733
1009,G25新店乡枢纽,28.82,120.06,K6754
1010,秀禾,29.22,120.03,K6903
1011,玉米研究所,29.27,120.32,K6905
1012,培香,29.26,120.75,K6906
1013,马宅塘里,29.09,120.4,K6907
1014,方圆,28.91,120.1,K6908
1015,吴宁街道,29.26,120.23,K6911
1016,瀚雯农场,29.32,120.19,K6912
1017,黄宅横山,29.48,120.03,K6917
1018,笕川花海,28.73,120.05,K7835
1019,八迭岭村,28.56,120.12,K7836
1020,蒙坑村,28.5,120.16,K7837
1021,李黄村,28.08333333,120.2166667,K7900
1022,龙现村,27.98333333,120.3,K7901
1023,阜山皇菊基地,28.1,120.18,K7903
1024,白岩前村,28,120.08,K7904
1025,平风寨,28.11,120.28,K7905
1026,平风寨村,28.08,120.28,K7906
1027,西武头村,28.4,120.05,K7908
1028,底黄村,28.27,120.32,K7909
1029,塘古村,28.04,120.17,K7911
1030,师姑湖,28.2,120.04,K7913
1031,下小溪小学,28.76,120.08,K7920
1032,龙坑村,28.58,120.31,K7921
1033,黄龙景区,28.71,120.06,K7927
1034,永安村,28.6,120.31,K7929
1035,越陈村,28.64,120.32,K7930
1036,塘孔村,28.68,120.3,K7931
1037,岩坑村,28.61,120.23,K7933
1038,农兴村,28.8,120.26,K7934
1039,括苍村,28.77,120.35,K7935
1040,包坑村,28.93,120.28,K7936
1041,西施村,28.93,120.26,K7937
1042,水口村,28.76,120.28,K7938
1043,章村村,28.61,120.2,K7939
1044,长兰村,28.78,120.21,K7957
1045,上东岸村,28.89,120.31,K7958
1046,戈村,28.54,120.03,K7959
1047,黄村水库,28.52,120.06,K7960
1048,天堂山,28.46,120.03,K7967
1049,麻宅村,28.07,120.36,K7974
1050,东江村,28.38,120.1,K7975
1051,乌泥塘村,28.35,120.33,K7976
1052,山口镇,28.06,120.31,K7977
1053,彭括村,28.12,120.34,K7978
1054,峰山村,28.32,120.35,K7979
1055,坑下村,28.16,120.06,K7980
1056,东溪村,28.27,120.41,K7982
1057,寮村,27.98,120.24,K7983
1058,小佐村,27.96,120.22,K7984
1059,海林村,28.25,120.05,K7985
1060,桃坳村,28.19,120.14,K7986
1061,兆庄村,28.29,120.04,K7987
1062,后金村,28.01,120.33,K7989
1063,兆岸村,28.6,120.08,K7992
1064,高市乡,28.26,120.12,K7993
1065,雅陈村,28.07,120.27,K7995
1066,舒桥乡,28.43,120.06,K7996
1067,葵山村,28.2,120.4,K7997
1068,黄圆平村,28.22,120.4,K7998
1069,吴坑乡,28.24,120.4,K7999
1070,洪家便携,28.65,121.4,K8000
1071,赤龙,28.65472,121.4189,K8001
1072,东矶B,28.71889,121.9156,K8002
1073,绿心,28.638986,121.3521,K8003
1074,椒江口BD,28.6625,121.5108,K8010
1075,绿心BD,28.62899,121.3521,K8011
1076,东矶BD,28.69861,121.9147,K8012
1077,虾捕BD,28.50553,121.8901,K8013
1078,一江山BD,28.60861,121.8156,K8014
1079,后岙BD,28.66306,120.9097,K8020
1080,大寺基BD,28.58417,120.7997,K8023
1081,富山BD,28.53583,120.9114,K8024
1082,白果BD,28.48386,121.62174,K8030
1083,绿心雪深,28.63889,121.3522,K8031
1084,三山BD,28.56139,121.5944,K8032
1085,鹁鸪嘴BD,28.55056,121.6422,K8033
1086,湖屿岛BD,28.45833,121.6653,K8034
1087,东海塘BD,28.41945,121.6122,K8040
1088,三蒜BD,28.2325,121.6375,K8041
1089,犁头咀BD,28.26611,121.4372,K8042
1090,太湖山BD,28.49917,121.2019,K8043
1091,方山BD,28.42056,121.2428,K8044
1092,隔海岛BD,28.30417,121.6469,K8045
1093,石塘BD,28.26583,121.6244,K8046
1094,黄茅山BD,28.52972,121.3078,K8047
1095,伍佰屿BD,28.47694,121.6092,K8048
1096,北港BD,28.43167,121.6581,K8049
1097,鸡山BD,28.1,121.3722,K8050
1098,干江BD,28.16639,121.3717,K8051
1099,花岩浦BD,28.19611,121.3089,K8052
1100,大圆头BD,28.24195,121.4161,K8053
1101,大岩头BD,28.04667,121.1631,K8054
1102,中鹿岛BD,28.05694,121.4106,K8055
1103,披山BD,28.10583,121.52,K8056
1104,江岩BD,28.17333,121.1492,K8057
1105,白沙BD,28.71305,121.6383,K8060
1106,南岙村BD,28.84805,121.3322,K8061
1107,安基山BD,29,120.9667,K8062
1108,北泽岛BD,28.9,121.75,K8063
1109,雀儿岙BD,28.81,121.8478,K8064
1110,头门BD,28.69028,121.7589,K8065
1111,括苍山BD,28.80972,120.93333,K8066
1112,天柱BD,28.94,120.8167,K8070
1113,柱峰BD,29.023067,120.76972,K8071
1114,苍山顶BD,29.15139,121.1528,K8072
1115,岭脚村BD,28.36194,121.2825,K8078
1116,九洞门BD,28.4125,121.6617,K8079
1117,三角塘BD,28.93806,121.7144,K8080
1118,洪家温梯,28.65,121.4167,K8081
1119,天台温梯,29.15,120.95,K8082
1120,林场BD,29.04917,121.4242,K8083
1121,扩塘山BD,28.89111,121.6617,K8084
1122,三门岛BD,28.96472,121.7919,K8085
1123,五子岛BD,29.00556,121.7608,K8086
1124,五峙山BD,28.91111,121.7244,K8087
1125,安岭BD,28.56083,120.3333,K8090
1126,朱溪BD,28.71806,120.7936,K8091
1127,朱坑里BD,28.60417,120.6542,K8092
1128,青尖山BD,28.91639,120.7275,K8093
1129,公盂BD,28.63917,120.6425,K8094
1130,天顶茶场BD,28.62583,120.8078,K8095
1131,椒江YJ,28.65,121.45,K8100
1132,东方红,28.67805,121.4467,K8101
1133,椒江口,28.65,121.5167,K8102
1134,涛江闸,28.69667,121.4897,K8103
1135,马峙,28.75389,121.4047,K8104
1136,农场,28.6167,121.5167,K8105
1137,大桥,28.70806,121.3967,K8106
1138,下陈,28.59306,121.4592,K8107
1139,柏树里,28.73028,121.4508,K8108
1140,新佳果,28.61944,121.5092,K8109
1141,上大陈,28.49639,121.9056,K8110
1142,二桥,28.69444,121.4744,K8111
1143,岳头村,28.66417,121.4556,K8112
1144,污水厂,28.64,121.5019,K8113
1145,雷达站,28.61722,121.522441,K8114
1146,挡港桥,28.59028,121.3997,K8115
1147,一江山,28.60861,121.8156,K8116
1148,大陈码头,28.45333,121.8894,K8117
1149,乌石,28.68333,121.375,K8118
1150,台州湾大桥,28.67805,121.5119,K8120
1151,柑橘良种场,28.73611,121.3692,K8121
1152,烟草中心,28.59,121.5361,K8122
1153,虾捕,28.50553,121.8901,K8123
1154,洪家二中,28.60372,121.4144,K8124
1155,上大陈码头,28.47861,121.8731,K8125
1156,一江码头,28.58675,121.81045,K8126
1157,江北药业,28.70611,121.3672,K8127
1158,李宅村,28.76,121.3928,K8128
1159,六联小学,28.71778,121.4994,K8129
1160,海正育才,28.61306,121.4469,K8130
1161,二桥雪深,28.69444,121.4744,K8131
1162,新佳果农气,28.6154,121.5192,K8151
1163,鲜花基地,28.6,121.46667,K8152
1164,下陈农果园,28.59139,121.45528,K8153
1165,洪家辐射,28.61806,121.41639,K8180
1166,大陈辐射,28.446,121.90333,K8181
1167,黄岩辐射,28.61806,121.09472,K8182
1168,温岭辐射,28.37278,121.35889,K8184
1169,玉环辐射,28.0575,121.2708,K8185
1170,临海辐射,28.8739,121.1928,K8186
1171,天台辐射,29.15278,120.97056,K8187
1172,三门辐射,29.12278,121.38333,K8188
1173,仙居辐射,28.86722,120.72889,K8189
1174,新民小学,28.70583,121.4325,K8191
1175,黄岩YJ,28.6667,121.3167,K8200
1176,黄岩局,28.6525,121.28,K8201
1177,宁溪,28.59167,120.9753,K8202
1178,沙埠,28.54806,121.1744,K8203
1179,长潭,28.61028,121.0614,K8204
1180,头陀,28.67417,121.1369,K8205
1181,富山,28.53583,120.9131,K8206
1182,白石,28.67444,120.9375,K8207
1183,屿头,28.65211,121.01093,K8208
1184,下余,28.60583,120.8744,K8209
1185,上,28.515366,121.008268,K8210
1186,江口,28.6903,121.3275,K8212
1187,院桥,28.54972,121.2781,K8213
1188,高桥,28.58444,121.2314,K8214
1189,新前,28.68139,121.2067,K8215
1190,茅畲,28.595,121.1314,K8216
1191,澄江,28.63222,121.1736,K8217
1192,科技学院,28.66945,121.2539,K8218
1193,铅锌矿,28.5981,120.92483,K8219
1194,北洋,28.63056,121.0978,K8220
1195,平田,28.53806,121.0739,K8221
1196,大寺基,28.58417,120.7997,K8222
1197,牌门,28.53722,120.9522,K8225
1198,委羽山,28.62472,121.2397,K8226
1199,十里铺,28.6125,121.2672,K8227
1200,江心屿,28.70555,121.3256,K8228
1201,白鹭湾,28.61222,120.9992,K8229
1202,黄毛山,28.57528,121.0769,K8230
1203,白石雪深,28.67444,120.9375,K8231
1204,富山雪深,28.53583,120.9131,K8232
1205,柑橘所雪深,28.64278,121.1564,K8233
1206,城区雪深,28.66945,121.2539,K8234
1207,平田雪深,28.53806,121.0739,K8235
1208,大寺基雪深,28.58417,120.7997,K8236
1209,东城小学,28.65111,121.3006,K8240
1210,王林,28.685,121.2867,K8241
1211,长滩,28.66028,120.9892,K8242
1212,岭根,28.54722,120.9364,K8243
1213,下抱水库,28.70972,121.2208,K8244
1214,南正顶,28.51028,120.8578,K8245
1215,蒋东岙,28.6125,120.9275,K8246
1216,五尖山,28.66611,121.0386,K8247
1217,元同溪闸,28.62417,121.1458,K8248
1218,黄土岭,28.68306,121.2394,K8249
1219,联丰,28.65278,121.0689,K8250
1220,柑橘基地,28.60111,121.16778,K8251
1221,抱料,28.55972,120.8456,K8256
1222,决要,28.5325,120.8467,K8257
1223,福利,28.6075,120.9708,K8258
1224,布袋坑,28.70056,120.9442,K8259
1225,东岭头,28.67111,121.1006,K8260
1226,黄岩辐射,28.6833,121.25,K8261
1227,科技备,28.6725,121.28,K8262
1228,桐里岙,28.55972,121.0511,K8263
1229,下方,28.5325,121.0017,K8264
1230,乌岩头,28.61667,120.95,K8265
1231,柔川,28.6333,121,K8266
1232,圣堂,28.58444,120.8853,K8267
1233,山头舟,28.63028,121.1672,K8268
1234,三童岙,28.60111,121.2178,K8269
1235,东亚山庄,28.59833,120.82,K8270
1236,外金,28.50778,120.8914,K8271
1237,牌门B,28.52722,120.9522,K8272
1238,后岙,28.66306,120.9097,K8273
1239,前思岙,28.48611,121.0247,K8274
1240,兴安,28.65028,120.9594,K8275
1241,董岙,28.56167,121.0181,K8276
1242,临古,28.62,121.1472,K8277
1243,鸟山,28.54667,121.0956,K8278
1244,沈岙,28.49111,120.9922,K8279
1245,南六坑,28.52944,121.1556,K8280
1246,西边,28.58222,121.1144,K8281
1247,宁溪B,28.58167,120.9753,K8282
1248,柑橘所,28.64278,121.1564,K8283
1249,下园,28.56861,121.1567,K8284
1250,瓦瓷窑,28.57833,121.2172,K8285
1251,岭脚,28.53417,121.0394,K8286
1252,象岙,28.51722,121.0472,K8287
1253,西洋,28.52222,121.0247,K8288
1254,黄杜岙,28.5225,120.9789,K8289
1255,富山,28.53583,120.9114,K8290
1256,下周,28.5925,120.9811,K8291
1257,金岙,28.56,120.9519,K8292
1258,中下桧,28.55083,120.9828,K8293
1259,路桥YJ,28.5333,121.3333,K8300
1260,路桥,28.57528,121.3503,K8301
1261,横街,28.52778,121.4456,K8302
1262,金清,28.51583,121.4972,K8303
1263,白果,28.48386,121.62174,K8304
1264,黄琅,28.52611,121.5967,K8305
1265,桐屿,28.58556,121.3344,K8306
1266,机场,28.55528,121.4222,K8307
1267,新桥,28.51194,121.4036,K8308
1268,蓬街,28.55445,121.4694,K8309
1269,峰江,28.54861,121.3681,K8310
1270,水厂,28.56083,121.33,K8311
1271,农垦场,28.50805,121.5872,K8312
1272,启明村,28.56807,121.51892,K8313
1273,白果B,28.48389,121.6217,K8314
1274,三山,28.56139,121.5944,K8315
1275,鹁鸪嘴,28.55056,121.6422,K8316
1276,凉溪,28.61778,121.3067,K8317
1277,东风村,28.56417,121.3083,K8318
1278,三山B,28.56139,121.5944,K8319
1279,湖屿岛,28.45833,121.6653,K8320
1280,保全小学,28.52889,121.3761,K8321
1281,路桥高速,28.55556,121.5392,K8322
1282,横街小学,28.53583,121.4328,K8323
1283,飞龙湖,28.60444,121.3358,K8324
1284,联盟闸,28.52083,121.5478,K8325
1285,龙头王村,28.58139,121.3919,K8326
1286,下陶村,28.53639,121.3953,K8327
1287,会展中心,28.5975,121.3692,K8328
1288,明珠学校,28.52,121.5147,K8329
1289,北大附中,28.60139,121.3047,K8330
1290,凉溪雪深,28.61778,121.3067,K8331
1291,三山雪深,28.56139,121.5944,K8332
1292,上寺前,28.53889,121.3331,K8340
1293,九琅山,28.51472,121.4469,K8341
1294,埠头堂,28.62611,121.3372,K8342
1295,蒋桥,28.47,121.46,K8343
1296,红光,28.58889,121.4206,K8344
1297,农垦场,28.5167,121.5833,K8351
1298,凉溪农气,28.61778,121.3067,K8352
1299,峰江辐射,28.55,121.3667,K8361
1300,大瀑布,29.19722,121.0033,K8370
1301,后岸,29.0814,120.8125,K8371
1302,温泉山庄,29.165,121.03861,K8372
1303,南屏,29.0539,120.9819,K8373
1304,石斛基地,29.1247,120.7931,K8374
1305,温岭YJ,28.35,121.3833,K8400
1306,石桥头,28.34945,121.4606,K8401
1307,黄茅山,28.52972,121.3078,K8402
1308,大溪,28.49111,121.2411,K8403
1309,松门,28.37111,121.5664,K8404
1310,坞根,28.32472,121.2611,K8405
1311,横峰,28.4475,121.3258,K8406
1312,石塘渔港,28.24639,121.6039,K8407
1313,新河,28.47806,121.4594,K8408
1314,东海塘,28.42222,121.6081,K8409
1315,岙环,28.28611,121.3994,K8410
1316,温峤,28.38389,121.3003,K8411
1317,箬横,28.39889,121.5228,K8412
1318,滨海,28.45056,121.5589,K8413
1319,太湖山,28.49917,121.2019,K8414
1320,九洞门,28.4125,121.6617,K8415
1321,花芯,28.41556,121.4511,K8416
1322,方山,28.42056,121.2528,K8417
1323,三蒜B,28.22111,121.6356,K8418
1324,实践基地,28.32583,121.6189,K8419
1325,岭脚村,28.36194,121.2825,K8420
1326,山后村,28.32944,121.3311,K8421
1327,火车站,28.48222,121.3236,K8422
1328,城东,28.41195,121.3767,K8423
1329,城北,28.45722,121.3997,K8424
1330,三蒜,28.23111,121.6356,K8425
1331,粮食功能区,28.41111,121.5644,K8426
1332,大溪高速,28.46889,121.2619,K8427
1333,泽国,28.48944,121.3794,K8429
1334,城西,28.39,121.3681,K8430
1335,方山雪深,28.42056,121.2428,K8431
1336,仰天湖雪深,28.49917,121.2019,K8432
1337,泽国二小,28.49694,121.3361,K8441
1338,长屿,28.43611,121.4358,K8442
1339,高桥小学,28.48944,121.4331,K8443
1340,东浦,28.345,121.4997,K8444
1341,北港,28.43167,121.6581,K8445
1342,城南小学,28.325,121.4075,K8446
1343,温岭南,28.32778,121.4594,K8447
1344,隔海岛,28.30389,121.6469,K8448
1345,横屿山,28.43306,121.3353,K8449
1346,滨海农气,28.48333,121.56667,K8452
1347,八一塘农气,28.3,121.2333,K8453
1348,松门辐射,28.36667,121.56667,K8454
1349,温岭辐射,28.36667,121.36667,K8455
1350,松建村,28.322077,121.59023,K8456
1351,潘郎小学,28.45389,121.3058,K8460
1352,犁头咀,28.26556,121.4369,K8461
1353,伍佰屿,28.47694,121.6092,K8462
1354,温岭中学,28.37472,121.3969,K8463
1355,滨海中学,28.46833,121.5203,K8464
1356,长屿小学,28.45111,121.4406,K8465
1357,青屿校区,28.36361,121.2439,K8466
1358,毛竹下,28.43833,121.2553,K8467
1359,上洋工业区,28.43278,121.2506,K8468
1360,双溪村,28.45528,121.2419,K8469
1361,翁岙村,28.51611,121.2917,K8470
1362,金路村,28.45861,121.4111,K8471
1363,楼岙村,28.44889,121.4231,K8472
1364,屿头村,28.44667,121.4375,K8473
1365,长屿村,28.44667,121.4456,K8474
1366,下呈村,28.30278,121.2569,K8475
1367,东门村,28.33389,121.2178,K8476
1368,紫荆校区,28.405,121.6108,K8477
1369,彭下村,28.30389,121.3833,K8478
1370,上岙村,28.27222,121.3767,K8479
1371,后岭村,28.27306,121.3789,K8480
1372,大交陈,28.33444,121.6244,K8481
1373,前洋下,28.39222,121.3036,K8482
1374,张老桥,28.39722,121.2997,K8483
1375,焦桐村,28.39583,121.2944,K8484
1376,陈家宅,28.38917,121.2886,K8485
1377,犁头咀B,28.26556,121.4369,K8490
1378,方山B,28.42056,121.2428,K8491
1379,石塘,28.26667,121.61667,K8499
1380,玉环YJ,28.1167,121.16667,K8500
1381,清港,28.25694,121.2867,K8501
1382,干江,28.16639,121.3717,K8502
1383,沙门,28.24389,121.3803,K8503
1384,海山,28.21,121.1575,K8504
1385,玉城,28.12556,121.2369,K8505
1386,大鹿岛,28.09222,121.4039,K8506
1387,鲜迭,28.09167,121.2042,K8507
1388,披山B,28.08583,121.52,K8508
1389,海事处,28.08833,121.1528,K8509
1390,花岩浦,28.19611,121.3092,K8510
1391,芦浦,28.19833,121.2414,K8511
1392,楚门,28.21694,121.3014,K8512
1393,鸡山,28.10611,121.36417,K8513
1394,文旦基地,28.27833,121.2453,K8515
1395,大麦屿,28.10306,121.1358,K8517
1396,龙溪樱桃 ,28.22667,121.3333,K8518
1397,漩门二期,28.24806,121.2539,K8520
1398,大雷山,28.31528,121.3458,K8521
1399,分水山,28.195,121.2103,K8522
1400,玉环轮渡,28.1333,121.1333,K8526
1401,雕鹰山,28.11917,121.1981,K8527
1402,乐清二桥,28.2425,121.1392,K8528
1403,吊船湾,28.22222,121.3753,K8530
1404,大雷山雪深,28.31528,121.3458,K8531
1405,花岩浦B,28.19611,121.3092,K8540
1406,干江B,28.16639,121.3717,K8541
1407,文旦基地B,28.27833,121.2453,K8542
1408,漩门二期0,28.24806,121.2539,K8543
1409,大圆头,28.24195,121.4161,K8544
1410,大岩头,28.04667,121.1631,K8545
1411,中鹿岛,28.05694,121.4106,K8546
1412,双龙村,28.1,121.255,K8547
1413,岭村,28.18861,121.3475,K8548
1414,江岩,28.17333,121.1492,K8549
1415,黄门,28.07,121.2361,K8550
1416,苔山塘,28.27417,121.2564,K8556
1417,坎门污水,28.10917,121.2956,K8557
1418,根村,28.26306,121.3233,K8558
1419,环海村,28.06,121.1528,K8559
1420,九山村,28.1625,121.2331,K8560
1421,西滩村,28.16667,121.1903,K8561
1422,吊船湾B,28.22222,121.3753,K8580
1423,大雷山B,28.31528,121.3458,K8581
1424,鸡山B,28.10611,121.36417,K8582
1425,玉城B,28.10556,121.2369,K8583
1426,芦浦B,28.19833,121.2414,K8584
1427,鲜迭B,28.09167,121.2042,K8585
1428,海山B,28.21,121.1575,K8586
1429,披山D,28.08583,121.52,K8587
1430,大鹿岛B,28.09222,121.4039,K8588
1431,乐清二桥B,28.2425,121.1392,K8589
1432,沙门B,28.24389,121.3803,K8590
1433,披山C,28.08583,121.52,K8591
1434,坎门B,28.0575,121.2708,K8592
1435,雕鹰山B,28.11917,121.1981,K8593
1436,中鹿岛B,28.05694,121.4106,K8594
1437,分水山B,28.195,121.2103,K8595
1438,江岩B,28.17333,121.1492,K8596
1439,鸡山B,28.10611,121.36417,K8597
1440,临海YJ,28.9167,121.1167,K8600
1441,杜桥,28.76667,121.4869,K8601
1442,涌泉,28.75694,121.3186,K8602
1443,白水洋,28.89917,120.9047,K8603
1444,东塍,28.92889,121.2622,K8604
1445,河头,29.00056,121.1142,K8605
1446,尤溪,28.7425,121.1011,K8606
1447,汛桥,28.795,121.1706,K8607
1448,牛头山,28.84,121.2647,K8608
1449,小芝,28.85222,121.4519,K8609
1450,南门坑,28.83722,121.6631,K8610
1451,白沙,28.71278,121.6378,K8611
1452,黄家寮,28.74833,120.9744,K8612
1453,外蔡,28.87944,121.3731,K8613
1454,汇溪,28.95778,121.2133,K8614
1455,江南,28.79444,121.1206,K8615
1456,沿江,28.74611,121.2358,K8616
1457,大田,28.90444,121.2022,K8617
1458,永丰,28.87278,121.0231,K8618
1459,羊岩山,28.97889,121.1494,K8619
1460,桃渚镇,28.80861,121.5797,K8620
1461,医化园区,28.69306,121.5456,K8621
1462,两桥村,28.87167,121.0797,K8622
1463,安桥,28.98,120.9153,K8623
1464,里梅,29.01528,120.9958,K8624
1465,大洋,28.93361,121.0011,K8625
1466,岭脚金,28.69,121.0728,K8626
1467,头门,28.69111,121.7594,K8627
1468,白水洋小学,28.91,120.8944,K8628
1469,雀儿岙,28.80972,121.8475,K8629
1470,田岙岛,28.74306,121.8481,K8630
1471,括苍山雪深,28.80972,120.9219,K8631
1472,羊岩山雪深,28.97889,121.1494,K8632
1473,白水洋雪深,28.90055,120.8942,K8633
1474,上白岩雪深,28.72917,120.9675,K8634
1475,安基山雪深,29.00028,120.9667,K8635
1476,上白岩,28.72917,120.9675,K8640
1477,小溪,28.77222,121.1153,K8641
1478,岭上村,28.82444,121.2322,K8642
1479,安基山,29.00028,120.9667,K8643
1480,红树林,28.89333,121.3694,K8644
1481,红树林B,28.89333,121.3694,K8645
1482,南岙村,28.84833,121.3367,K8646
1483,上西辽,29.00528,121.2608,K8647
1484,乌岩岙,28.91028,121.4022,K8648
1485,临港,28.71361,121.5781,K8649
1486,大竹山,28.71583,121.7297,K8650
1487,桥东,28.70917,121.7539,K8651
1488,桥西,28.71806,121.7117,K8652
1489,了不得蜜橘,28.7899,121.2925,K8653
1490,括苍山B,28.78972,120.93333,K8654
1491,里潘村,28.75889,121.5583,K8655
1492,山安,29.00583,121.1697,K8656
1493,城西中学,28.85695,120.9878,K8657
1494,北泽岛,28.89583,121.7594,K8658
1495,北固山,28.865,121.1114,K8659
1496,临海E,28.86667,121.2,K8660
1497,古城,28.85194,121.1328,K8661
1498,白岩茶场,28.95417,121.4064,K8662
1499,沿岸村,28.96722,121.0675,K8663
1500,茶山村,28.87389,121.2828,K8664
1501,大陈F,28.43167,121.9033,K8666
1502,坎门F,28.0575,121.2708,K8667
1503,康谷小学,28.93139,121.3914,K8668
1504,兰田山,28.82195,121.3711,K8669
1505,方溪水库,28.8025,121,K8670
1506,岙陈,28.89,121.2947,K8671
1507,桐坑,28.90083,121.3364,K8672
1508,洞港,28.85278,121.6708,K8673
1509,临海西,28.86972,121.0464,K8674
1510,括苍枢纽,28.87,120.9656,K8675
1511,景山村,28.82611,120.9667,K8676
1512,大泛村,29.02639,120.9786,K8677
1513,满塘村,28.9325,121.095,K8678
1514,丁公园村,29.00583,120.9836,K8679
1515,尚山村,28.78111,120.9522,K8680
1516,白沙B,28.71278,121.6378,K8681
1517,岭根村,28.95472,121.3808,K8682
1518,溪口水库,28.78583,121.4106,K8683
1519,大岙西,28.95833,120.9269,K8684
1520,石门村,28.96167,121.1519,K8685
1521,山里村,28.95306,121.1308,K8686
1522,岭上蒋,29.04,121.1208,K8687
1523,江根村,28.99639,121.2142,K8688
1524,留山村,28.98583,121.205,K8689
1525,龙泉村,28.95639,120.8956,K8690
1526,许墅村,28.88639,121.0811,K8691
1527,溪王村,28.995,121.1936,K8692
1528,黄支罗,29.02222,121.1889,K8693
1529,大塘村,29.02194,121.2131,K8694
1530,王加山,28.69889,121.0931,K8695
1531,竹家山,28.71806,121.0581,K8696
1532,长加山,28.74667,121.0439,K8697
1533,方家岭,29.01444,121.0297,K8698
1534,山上叶,29.04222,121.1561,K8699
1535,天台YJ,29.1167,120.9667,K8700
1536,白鹤,29.26778,120.9864,K8701
1537,街头,29.12583,120.7947,K8702
1538,华顶,29.25833,121.0914,K8703
1539,亭头,29.09056,121.1014,K8704
1540,龙溪,29.05167,120.7939,K8705
1541,南屏,29.07055,121,K8706
1542,田芯,29.05917,120.7022,K8707
1543,下王,29.14472,120.8625,K8708
1544,紫凝山,29.09945,120.8569,K8709
1545,下屋村0,29.19722,120.8017,K8710
1546,泳溪,29.17194,121.2222,K8711
1547,坦头,29.11111,121.1156,K8712
1548,龙皇堂,29.24306,121.0519,K8713
1549,洪畴,29.06778,121.1947,K8714
1550,雷峰,29.08805,120.8956,K8715
1551,滩岭,29.06944,121.0575,K8716
1552,飞鹤,29.135,121.0372,K8717
1553,左溪V,29.28833,120.9108,K8718
1554,西方洋,29.12,121.1022,K8719
1555,屯桥,29.20111,120.8997,K8720
1556,桐柏,29.20694,121.0164,K8721
1557,大雷山,29.02028,120.8761,K8722
1558,柱峰,29.02306,120.77,K8723
1559,职业中专,29.13806,121.0067,K8724
1560,三合,29.08805,121.1758,K8725
1561,里石门,29.07278,120.7303,K8726
1562,苍山顶,29.15139,121.1528,K8727
1563,慈圣,29.31056,121.0619,K8728
1564,黄龙水库,29.22417,121.14,K8729
1565,天柱林场,28.97583,120.8189,K8730
1566,三州雪深,29.21722,120.8017,K8731
1567,龙皇堂雪深,29.24306,121.0519,K8732
1568,泳溪雪深,29.17194,121.2222,K8733
1569,街头雪深,29.12444,120.7933,K8734
1570,柱峰雪深,29.02306,120.77,K8735
1571,左溪雪深,29.28833,120.9108,K8736
1572,华顶雪深,29.25833,121.0914,K8737
1573,苍山顶雪深,29.15139,121.1528,K8738
1574,溪地,29.07139,120.8411,K8740
1575,岭下洋,29.20361,120.9628,K8741
1576,龙溪0,29.09,120.8,K8742
1577,泳溪0,29.15,121.21667,K8743
1578,紫凝山0,29.12,120.86667,K8745
1579,三州,29.22639,120.8475,K8746
1580,下陈胡,29.115,121.1244,K8747
1581,后岸,29.07861,120.8139,K8748
1582,飞鹤山,29.15195,121.0433,K8749
1583,茶坑,29.08222,120.7117,K8750
1584,街头农气,29.1333,120.8,K8751
1585,三州农气,29.23333,120.85,K8752
1586,新城,29.13389,120.98,K8759
1587,始丰小学,29.14778,120.99,K8760
1588,万年寺,29.27333,121.0083,K8761
1589,下洋村,29.30833,121.1458,K8762
1590,寒风缺,29.22806,121.05,K8763
1591,曹一村,29.13556,120.885,K8764
1592,北山村,29.15611,121.1786,K8765
1593,东安隐,29.09972,121.2333,K8766
1594,大横金,29.10306,121.165,K8767
1595,九遮山,29.025,120.8392,K8768
1596,龙潭村,29.10667,120.9492,K8769
1597,左溪,29.28889,120.915,K8770
1598,溪地A,29.05139,120.8411,K8771
1599,大同寺,29.29333,121.1458,K8772
1600,欢岙,29.18444,121.1128,K8773
1601,下屋村,29.21722,120.8017,K8774
1602,灵溪村,29.06417,121.1475,K8780
1603,坪东村,29.08167,121.2158,K8781
1604,白鹤小学,29.23528,120.9428,K8782
1605,现代农业园,29.15333,120.8561,K8783
1606,西山头,29.05528,120.8917,K8784
1607,翠西村,29.07028,120.9281,K8785
1608,下辽坑,29.00028,120.7953,K8786
1609,岭里村,29.0025,120.8183,K8787
1610,兰田,29.13417,121.2089,K8788
1611,周家楼,29.155,120.7336,K8789
1612,济溪,29.05389,120.8553,K8790
1613,抽蓄电站,29.14722,121.1806,K8791
1614,雷峰漂流,29.03889,120.8886,K8792
1615,牧云谷,28.98222,120.845,K8793
1616,Q溪漂流,29.17028,120.7808,K8794
1617,龙官漂流,29.23333,120.8939,K8795
1618,友义村,29.03778,120.9117,K8796
1619,朱莉农场,29.09917,120.8972,K8797
1620,三门YJ,29.1167,121.3667,K8800
1621,亭旁,29.04361,121.3403,K8801
1622,三角塘,28.93806,121.7144,K8802
1623,蛇蟠,29.16195,121.5706,K8803
1624,牛山,29.01361,121.7067,K8804
1625,横渡,29.01167,121.5094,K8805
1626,百两岗,28.98389,121.3986,K8806
1627,高枧,29.05,121.2208,K8807
1628,山场村,28.8675,121.5128,K8808
1629,花桥,28.92083,121.4714,K8809
1630,健跳,29.01389,121.6083,K8810
1631,善,28.97111,121.5808,K8811
1632,叶家村,29.0675,121.4881,K8812
1633,鹤井村,28.87583,121.6383,K8813
1634,珠岙,29.07444,121.2789,K8814
1635,沙柳,29.15222,121.4575,K8815
1636,农业园,29.10389,121.6006,K8816
1637,悬诸,29.07528,121.405,K8817
1638,佃石,29.0025,121.3147,K8818
1639,板樟山,29.15861,121.3514,K8819
1640,滨海新城,29.12361,121.48,K8820
1641,浦坝港,28.92694,121.5833,K8821
1642,下南山,29.15083,121.3683,K8822
1643,农气基地,29.10861,121.5767,K8823
1644,东屏村,29.00889,121.4683,K8824
1645,龙山,29.06667,121.6792,K8825
1646,扩塘山,28.89111,121.6617,K8826
1647,扩塘山B,28.89111,121.6617,K8827
1648,枧头村,29.02444,121.3881,K8828
1649,吴岙,29.05445,121.2419,K8829
1650,蛇蟠旅游,29.16195,121.5706,K8830
1651,百两岗雪深,28.98389,121.3986,K8831
1652,高枧雪深,29.05,121.2208,K8832
1653,枧头雪深,29.02444,121.3881,K8833
1654,林场,29.04917,121.4242,K8840
1655,三门湾,29.11806,121.5811,K8841
1656,毛石源,28.89611,121.5806,K8843
1657,工业城,28.91778,121.6681,K8844
1658,海游港,29.105,121.5181,K8845
1659,罗岙水库,29.05445,121.5444,K8846
1660,西城,29.12056,121.3617,K8847
1661,小岭下,28.94417,121.6722,K8848
1662,后周,29.15778,121.4103,K8849
1663,后郭,29.08805,121.3217,K8850
1664,健跳棚内,29.1167,121.5833,K8851
1665,永丰棚内,29.1,121.5833,K8852
1666,农试辐射站,29.11667,121.5833,K8853
1667,三门辐射,29.11667,121.38333,K8855
1668,三门岛,28.96472,121.7919,K8860
1669,三门岛B　,28.96472,121.7919,K8861
1670,五子岛,29.00556,121.7608,K8862
1671,五子岛B,29.00556,121.7608,K8863
1672,石门坑,29.005,121.3572,K8866
1673,下吴村,29.01889,121.3144,K8867
1674,银山村,28.93361,121.4381,K8868
1675,外俞村,29.08639,121.3936,K8869
1676,善见村,28.99195,121.4514,K8870
1677,樟树下,29.05305,121.2931,K8871
1678,五峙山,28.91111,121.7244,K8872
1679,五峙山B,28.91111,121.7244,K8873
1680,竹墩村,29.02417,121.2556,K8874
1681,邵下村,29.06944,121.3683,K8875
1682,王家村,29.13139,121.4242,K8876
1683,珠港村,29.07028,121.6053,K8877
1684,芝岙村,28.92694,121.5261,K8878
1685,长林村,29.01417,121.4353,K8879
1686,里陈坑,28.97528,121.6486,K8880
1687,大岙山,29.08055,121.4425,K8881
1688,仙居YJ,28.8167,120.7333,K8900
1689,白塔,28.72556,120.5786,K8901
1690,横溪,28.72889,120.4772,K8902
1691,朱溪,28.71806,120.7936,K8903
1692,广度,28.94639,120.7519,K8904
1693,六亩田,28.62139,120.7147,K8905
1694,双庙,28.78889,120.8575,K8906
1695,大陈村,28.85028,120.5117,K8907
1696,柯思,28.66389,120.6708,K8908
1697,溪心,28.895,120.6228,K8909
1698,雅溪,28.69833,120.3353,K8910
1699,淡竹,28.67194,120.5706,K8911
1700,溪港,28.57361,120.3961,K8912
1701,溪口,28.645,120.4797,K8913
1702,苗辽,28.61611,120.7961,K8914
1703,步路,28.77722,120.7242,K8915
1704,安岭,28.56083,120.3333,K8916
1705,下各,28.83972,120.8778,K8917
1706,万竹口,28.72583,120.5208,K8918
1707,对山,28.76056,120.775,K8919
1708,山岙,28.77944,120.4283,K8920
1709,蓄能站,28.63111,120.4019,K8921
1710,工业园区,28.87944,120.8328,K8922
1711,俞坑,28.54944,120.5878,K8923
1712,谷坦,28.87833,120.6025,K8924
1713,南峰,28.825,120.7467,K8925
1714,湫山,28.69833,120.4433,K8926
1715,四小,28.87278,120.7306,K8927
1716,永狮,28.81194,120.6328,K8928
1717,茶溪,28.775,120.5811,K8929
1718,台创园,28.81667,120.63333,K8930
1719,大陈村雪深,28.85028,120.5117,K8931
1720,山岙雪深,28.77944,120.4283,K8932
1721,横溪雪深,28.73333,120.4833,K8933
1722,朱溪雪深,28.71806,120.7936,K8934
1723,神仙居雪深,28.66667,120.6031,K8935
1724,青尖山雪深,28.91639,120.7275,K8936
1725,淡竹0,28.65,120.5667,K8941
1726,朱坑里,28.60417,120.6542,K8942
1727,吴山后,28.59222,120.5281,K8943
1728,神仙居,28.6775,120.6053,K8944
1729,青尖山,28.91639,120.7275,K8945
1730,公盂,28.63917,120.6425,K8946
1731,庄,28.78306,120.5061,K8947
1732,上蓄能,28.64528,120.4169,K8948
1733,天顶茶场,28.63583,120.8078,K8949
1734,西陆,28.82278,120.8483,K8950
1735,苍岭西,28.76278,120.3233,K8951
1736,西炉村,28.79694,120.6969,K8952
1737,芭蕉坑,28.65944,120.3575,K8970
1738,银地村,28.81333,120.475,K8971
1739,牛脚村,28.62861,120.4378,K8972
1740,船山村,28.81833,120.7011,K8973
1741,苍岭东,28.75222,120.4072,K8974
1742,路口,28.89278,120.6878,K8975
1743,景星岩,28.7125,120.6536,K8976
1744,厚仁村,28.77695,120.6022,K8977
1745,双峰隧道南,28.87139,120.4986,K8978
1746,括苍隧道北,28.63417,120.6733,K8979
1747,神仙居,28.67945,120.6036,K8980
1748,三角地,28.9275,120.7975,K8981
1749,金竹寺,28.64278,120.8931,K8982
1750,过朗,28.82222,120.8103,K8983
1751,祝家辽,28.96445,120.6733,K8984
1752,下岸水库,28.60528,120.4003,K8985
1753,山皇塘,28.80445,120.545,K8986
1754,金坑口,28.66444,120.5092,K8987
1755,白岭脚,28.84361,120.6486,K8988
1756,横路丁,28.89222,120.8597,K8989
1757,杨丰山,28.74833,120.7892,K8990
1758,四联村,28.54583,120.3572,K8991
1759,大圆村,28.47833,120.4031,K8992
1760,连山村,28.75639,120.6883,K8993
1761,双溪水库,28.71278,120.7131,K8994
1762,壶镇,28.81666667,120.2333333,K9008
1763,仁庄,28.01666667,120.2166667,K9010
1764,小舟山,28.21666667,120.3833333,K9017
1765,高湖,28.33333333,120.2166667,K9018
1766,海溪,28.38333333,120.0833333,K9019
1767,前村,28.5,120.2666667,K9020
1768,白水山,28.68333333,120.2166667,K9026
1769,大丰村,28.56666667,120.2666667,K9027
1770,严鸟,28.51666667,120.1166667,K9031
1771,仁岸村,28.63333333,120.15,K9043
1772,前路村,28.76666667,120.2666667,K9044
1773,岩背村,28.8,120.3733,K9048
1774,黄,28.3,120.35,K9069
1775,万阜,27.96666667,120.0166667,K9070
1776,方山,28.01666667,120.3166667,K9071
1777,双,28.06666667,120.1333333,K9072
1778,溶江,28.65,120.2333333,K9073
1779,东方,28.75,120.15,K9074
1780,新碧,28.75,120.0666667,K9078
1781,三溪,28.71666667,120.3,K9085
1782,贵岙,28.16666667,120.35,K9086
1783,汤,28,120.2166667,K9087
1784,山口,28.08333333,120.2833333,K9088
1785,东源,28.31666667,120.2333333,K9089
1786,白竹,28.91666667,120.2833333,K9100
1787,雁岭,28.83333333,120.35,K9101
1788,大源,28.61666667,120.3333333,K9103
1789,大洋山,28.46666667,120.2833333,K9104
1790,漕头村,28.53333333,120.1833333,K9135
1791,金竹村,28.83333333,120.3,K9136
1792,横塘岸,28.73333333,120.2166667,K9138
1793,木栗村,28.45,120.3333333,K9139
1794,海口,28.33333333,120.0833333,K9140
1795,仁宫,28.18333333,120.1833333,K9143
1796,巨浦,28.11666667,120.0833333,K9144
1797,船寮,28.26666667,120.2,K9146
1798,高市,28.23333333,120.0833333,K9147
1799,石溪,28.21666667,120.2833333,K9148
1800,油竹,28.11666667,120.3166667,K9149
1801,仁塘湾,28.16666667,120.3,K9156
1802,冯村,28.06666667,120.2666667,K9157
1803,桃山村,28.31666667,120.3,K9158
1804,大奕村,28.13333333,120.1666667,K9159
1805,东溪村,28.56666667,120.05,K9167
1806,胡源,28.58333333,120.2333333,K9200
1807,大集,28.75,120.3166667,K9201
1808,东渡,28.6,120.1166667,K9202
1809,舒洪,28.68333333,120.1666667,K9203
1810,方溪,28.55,120.1333333,K9204
1811,仙都,28.7,120.1166667,K9205
1812,石笕,28.48333333,120.15,K9206
1813,七里,28.63333333,120.0166667,K9207
1814,双溪口,28.63333333,120.2666667,K9208
1815,季宅,28.41666667,120.2,K9230
1816,祯埠,28.31666667,120.0166667,K9232
1817,万山,28.33333333,120.3,K9233
1818,温溪,28.13333333,120.3666667,K9234
1819,舒桥,28.45,120.0833333,K9235
1820,西坑,28.15,120.0333333,K9236
1821,吴坑,28.25,120.4,K9237
1822,章旦,28.13333333,120.2666667,K9238
1823,阜山,28.06666667,120.1833333,K9239
1824,舒桥雪深,28.45,120.0833333,K9293
1825,大洋山,28.48333333,120.2833333,K9297
1826,戈溪,28.26666667,120.15,K9317
1827,钓滩,28.13333333,120.1166667,K9318
1828,叶山,28.18333333,120.2666667,K9319
1829,瓯南,28.13333333,120.2833333,K9352
1830,黄茶,28.7,120.3067,K9380
1831,金竹村,28.83333333,120.3,K9390
1832,青田,28.15,120.2833333,K9407
1833,缙云,28.66666667,120.0833333,K9408
1834,杜岙村,29.32,121.52,KB001
1835,岙里王村,29.39,121.68,KB002
1836,岔路村,29.36,121.68,KB003
1837,国叶村,29.37,121.7,KB004
1838,滕达村,29.33,121.71,KB005
1839,澄深村,29.32,121.21,KB006
1840,里塘村,29.29,121.22,KB007
1841,力洋孔村,29.34,121.62,KB008
1842,路下施村,29.34,121.64,KB009
1843,刘三村,29.4,121.39,KB010
1844,梅湖村,29.38,121.42,KB011
1845,伍富村,29.39,121.46,KB012
1846,西吕村,29.38,121.5,KB013
1847,木坑村,29.15,121.27,KB014
1848,桑梅村,29.16,121.33,KB015
1849,下洋周村,29.17,121.35,KB016
1850,大洋村,29.39,121.25,KB017
1851,大里村,29.42,121.32,KB018
1852,上湖村,29.4,121.3,KB019
1853,溪滨村,29.44,121.3,KB020
1854,盘屿村,29.28,121.53,KB021
1855,湘田山村,29.26,121.67,KB022
1856,沙地,29.25,121.88,KB105
1857,田洋湖,29.27,121.88,KB106
1858,南堡,29.39,121.86,KB108
1859,大百丈,29.15,121.95,KB109
1860,大南田,29.1,121.94,KB110
1861,凤凰山,29.09,121.93,KB111
1862,螺蛳礁,29.13,121.91,KB112
1863,文山前,29.15,121.93,KB113
1864,屠家园,29.43,121.81,KB116
1865,小白岩,29.41,121.83,KB117
1866,方家岙,29.46,121.78,KB118
1867,镜架山,29.26,121.91,KB119
1868,五新,29.23,121.94,KB120
1869,上马岙,29.32,121.76,KB121
1870,上峙后,29.35,121.75,KB122
1871,泗联,29.36,121.74,KB123
1872,苏岙,29.29,121.77,KB124
1873,杨大场,29.4,121.74,KB125
1874,峙前,29.34,121.77,KB126
1875,官山,29.46,121.65,KB128
1876,山后胡,29.42,121.71,KB130
1877,高湾,29.3,121.9,KB132
1878,上郑,28.59972,120.9311,KJ209
1879,麻山村,28.94028,121.3542,KJ601
1880,分水岭,28.95778,121.3647,KJ602
1881,下涨村,28.70528,121.0289,KJ603
1882,仲料坑,28.69611,121.0086,KJ604
1883,年坑村,28.81056,121.3428,KJ605
1884,岙底陈,28.81222,121.4731,KJ606
1885,柱岩林场,28.81972,120.9439,KJ607
1886,红脚岩,28.83222,121.6825,KJ608
1887,马里岙,28.77833,121.3394,KJ609
1888,皤滩,28.73472,120.5256,KJ918
1889,双龙村,28.67,120.12,KK021
1890,岭后村,28.58,120.31,KK022
