,IIiii,StationName,lat,lon
0,58558,东阳,29.266666666666666,120.21666666666667
1,58559,天台,29.15278,120.97056
2,58560,磐安,29.05,120.43333333333334
3,58564,白石山,29.266666666666666,121.5
4,58566,象山,29.466666666666665,121.88333333333334
5,58567,宁海,29.316666666666666,121.43333333333334
6,58568,三门,29.12278,121.38333
7,58569,石浦,29.2,121.95
8,58652,仙居,28.86722,120.71889
9,58653,括苍山,28.80972,120.9222
10,58655,黄岩站,28.61806,121.09472
11,58656,乐清,28.066666666666666,120.96666666666667
12,58657,青田,28.15,120.28333333333333
13,58658,永嘉,28.15,120.68333333333334
14,58659,温州,28.033333333333335,120.65
15,58660,临海,28.87389,121.19278
16,58661,椒江口,28.6625,121.5108
17,58662,牛山,29.0131,121.7056
18,58663,东矶,28.71889,121.9156
19,58664,温岭,28.37278,121.35889
20,58665,洪家,28.61806,121.41639
21,58666,大陈,28.446,121.90333
22,58667,坎门,28.0775,121.27083
23,58668,披山,28.09583,121.52
24,58669,石塘,28.260317,121.616252
25,58760,洞头,27.833333333333332,121.15
26,58761,鹿西,28.0,121.23333333333333
27,58763,南岳,28.183333333333334,121.1
28,K0100,台州YJ,28.65,121.4
29,K2033,南溪温泉,29.36669921875,121.31670379638672
30,K2190,石浦渔港V,29.216666666666665,121.96666666666667
31,K2724,董家,29.45,121.23333333333333
32,K2811,西店,29.483333333333334,121.43333333333334
33,K2812,峡山,29.483333333333334,121.53333333333333
34,K2813,深圳,29.366666666666667,121.31666666666666
35,K2814,茶山,29.383333333333333,121.6
36,K2815,望海岗,29.35,121.21666666666667
37,K2816,茶院,29.316666666666666,121.53333333333333
38,K2817,黄坛,29.3,121.28333333333333
39,K2818,枇杷山,29.216666666666665,121.5
40,K2819,胡陈,29.333333333333332,121.66666666666667
41,K2820,长街,29.216666666666665,121.75
42,K2821,大佳何,29.416666666666668,121.53333333333333
43,K2822,王爱,29.183333333333334,121.25
44,K2823,前童,29.233333333333334,121.35
45,K2824,蛇蟠涂,29.166666666666668,121.5
46,K2825,明港,29.2,121.65
47,K2826,桑州,29.133333333333333,121.31666666666666
48,K2827,雷虎岩,29.45,121.33333333333333
49,K2828,梅林,29.383333333333333,121.43333333333334
50,K2829,大壳岛,29.15,121.68333333333334
51,K2830,兰田庵,29.216666666666665,121.2
52,K2831,鸡垄山,29.266666666666666,121.56666666666666
53,K2832,白石山,29.266666666666666,121.5
54,K2834,洞门,29.25,121.63333333333334
55,K2835,杨染,29.266666666666666,121.23333333333333
56,K2836,东岙,29.183333333333334,121.43333333333334
57,K2837,车岙港,29.266666666666666,121.71666666666667
58,K2838,夏樟,29.466666666666665,121.31666666666666
59,K2839,南岭,29.15,121.31666666666666
60,K2840,宁东,29.266666666666666,121.6
61,K2841,柘浦街,29.333333333333332,121.58333333333333
62,K2842,史家,29.366666666666667,121.5
63,K2843,双溪,29.266666666666666,121.43333333333334
64,K2844,骆家坑,29.433333333333334,121.51666666666667
65,K2845,团联,29.416666666666668,121.58333333333333
66,K2846,下洋陈,29.2,121.38333333333334
67,K2847,山上方,29.216666666666665,121.43333333333334
68,K2848,岭口,29.483333333333334,121.36666666666666
69,K2849,张韩,29.366666666666667,121.68333333333334
70,K2850,联胜,29.3,121.68333333333334
71,K2851,欢乐佳田,29.233333333333334,121.68333333333334
72,K2852,下洋涂,29.183333333333334,121.71666666666667
73,K2853,洋溪,29.3,121.36666666666666
74,K2854,山洋,29.233333333333334,121.25
75,K2855,山上应,29.266666666666666,121.51666666666667
76,K2856,双盘涂,29.216666666666665,121.53333333333333
77,K2857,岔路,29.216666666666665,121.31666666666666
78,K2858,杜鹃步道,29.3,121.46666666666667
79,K2859,仇家,29.366666666666667,121.4
80,K2860,百鸟岩,29.266666666666666,121.28333333333333
81,K2861,里山,29.133333333333333,121.28333333333333
82,K2862,力洋,29.3,121.65
83,K2863,长田头,29.13,121.26
84,K2864,前岙,29.18,121.52
85,K2880,深甽,29.366666666666667,121.31666666666666
86,K2881,夏樟,29.466666666666665,121.31666666666666
87,K2882,茶山,29.383333333333333,121.61666666666666
88,K2883,联胜,29.3,121.68333333333334
89,K2884,仇家,29.366666666666667,121.4
90,K2885,百鸟岩,29.266666666666666,121.28333333333333
91,K2886,桑州,29.133333333333333,121.31666666666666
92,K2887,望海岗,29.35,121.21666666666667
93,K2888,杨染,29.266666666666666,121.23333333333333
94,K2889,黄坛,29.316666666666666,121.28333333333333
95,K2912,黄泥桥,29.433333333333334,121.71666666666667
96,K2916,墙头,29.466666666666665,121.78333333333333
97,K2917,银洋,29.4,121.83333333333333
98,K2918,泗洲头,29.383333333333333,121.76666666666667
99,K2920,新桥,29.3,121.8
100,K2921,昌国盐场,29.3,121.95
101,K2922,定塘,29.233333333333334,121.83333333333333
102,K2924,高塘,29.116666666666667,121.81666666666666
103,K2925,杨柳坑,29.05,121.93333333333334
104,K2929,山头王,29.35,121.85
105,K2932,麦地山,29.316666666666666,121.8
106,K2933,蒲湾,29.166666666666668,121.88333333333334
107,K2934,白玉湾,29.166666666666668,121.78333333333333
108,K2935,东陈,29.416666666666668,121.9
109,K2936,美人山,29.366666666666667,121.78333333333333
110,K2937,林港,29.116666666666667,121.86666666666666
111,K2938,渔港,29.216666666666665,121.96666666666667
112,K2940,寒山,29.466666666666665,121.68333333333334
113,K2941,土上村,29.466666666666665,121.68333333333334
114,K2942,三联,29.433333333333334,121.93333333333334
115,K2945,九顷,29.416666666666668,121.86666666666666
116,K2946,里岙,29.266666666666666,121.83333333333333
117,K2947,双下湾,29.166666666666668,121.96666666666667
118,K2948,丹城,29.483333333333334,121.88333333333334
119,K2953,塔山,29.483333333333334,121.88333333333334
120,K2960,绿科农场,29.41,121.87
121,K2961,石鹤汽渡,29.18,121.93
122,K2962,亚帆中心,29.45,121.98
123,K2963,蓝尚海洋科技,29.47,121.8
124,K2980,银洋,29.4,121.83333333333333
125,K2981,杨柳坑,29.066666666666666,121.93333333333334
126,K2982,黄泥桥,29.433333333333334,121.71666666666667
127,K2983,定塘中学,29.233333333333334,121.83333333333333
128,K3002,小门,28.0,121.06666666666666
129,K3003,灵昆,27.95,120.88333333333334
130,K3004,北雁荡,28.366666666666667,121.13333333333334
131,K3005,白石,28.1,120.85
132,K3006,永安,27.916666666666668,120.33333333333333
133,K3009,南岳,28.183333333333334,121.1
134,K3012,苍坡村,28.366666666666667,120.73333333333333
135,K3014,岭底,28.28639,120.9603
136,K3015,智仁,28.483333333333334,121.11666666666666
137,K3017,湖雾,28.3925,121.2022
138,K3018,翁垟,28.033333333333335,120.96666666666667
139,K3019,岐头山,27.98111,120.9469
140,K3026,北林垟,27.99361,120.375
141,K3027,永兴,27.85,120.83333333333333
142,K3028,双潮,28.133333333333333,120.43333333333334
143,K3029,钟山,28.05,120.55
144,K3030,大罗山,27.9,120.75
145,K3038,玉壶,27.883333333333333,120.16666666666667
146,K3040,永强,27.916666666666668,120.76666666666667
147,K3041,瞿溪,27.983333333333334,120.55
148,K3042,泽雅,27.983333333333334,120.41666666666667
149,K3043,藤桥,28.066666666666666,120.5
150,K3049,桥头,28.216666666666665,120.43333333333334
151,K3050,巽宅,28.366666666666667,120.48333333333333
152,K3051,鲤溪,28.4,120.78333333333333
153,K3052,中堡,28.44583,120.9336
154,K3053,砩头,28.383333333333333,121.01666666666667
155,K3054,城北,28.166666666666668,120.9
156,K3055,磐石,28.0,120.83333333333333
157,K3056,淡溪,28.24972,120.9858
158,K3066,朱雅,27.966666666666665,120.15
159,K3068,鹿西,28.0,121.23333333333333
160,K3069,状元岙,27.883333333333333,121.11666666666666
161,K3070,乌牛,28.116666666666667,120.81666666666666
162,K3071,西溪,28.233333333333334,120.5
163,K3072,溪下,28.483333333333334,120.48333333333333
164,K3073,四海山,28.5,120.75
165,K3077,宁益,27.833333333333332,120.3
166,K3080,虎头屿,27.833333333333332,121.25
167,K3084,黄岗村,28.3,120.56666666666666
168,K3086,福溪,28.45,121.01666666666667
169,K3087,西门岛,28.3133,121.2
170,K3088,气象局,28.0,120.66666666666667
171,K3097,沙头,28.233333333333334,120.76666666666667
172,K3098,花坦,28.25,120.81666666666666
173,K3099,界坑,28.45,120.4
174,K3101,潘坑,28.433333333333334,120.58333333333333
175,K3102,大若岩,28.266666666666666,120.6
176,K3103,表山,28.4,120.65
177,K3104,黄南,28.583333333333332,120.71666666666667
178,K3106,桐浦,27.85,120.55
179,K3107,林溪,27.916666666666668,120.43333333333334
180,K3109,五凤垟,28.066666666666666,120.38333333333334
181,K3116,鹿木,27.866666666666667,120.41666666666667
182,K3119,四都,28.2,120.95
183,K3120,霓屿,27.833333333333332,121.05
184,K3121,大荆,28.383333333333333,121.13333333333334
185,K3122,仙溪,28.416666666666668,120.96666666666667
186,K3123,桂峰,27.916666666666668,120.26666666666667
187,K3125,瓯北,28.083333333333332,120.73333333333333
188,K3126,桥下,28.183333333333334,120.56666666666666
189,K3128,黄龙,28.016666666666666,120.6
190,K3159,周壤,27.85,120.13333333333334
191,K3160,仙降,27.80861,120.5183
192,K3163,七都,28.0,120.76666666666667
193,K3165,丽岙,27.916666666666668,120.65
194,K3166,双屿,28.033333333333335,120.58333333333333
195,K3168,石帆,28.18333,121.0161
196,K3170,陶山,27.85,120.46666666666667
197,K3171,潘岱,27.866666666666667,120.6
198,K3172,虹桥,28.216666666666665,121.01666666666667
199,K3173,镇安,28.466666666666665,121.16666666666667
200,K3174,雁湖,28.316666666666666,120.98333333333333
201,K3175,罗凤,27.85,120.66666666666667
202,K3176,芳庄,27.966666666666665,120.36666666666666
203,K3177,东岩,27.816666666666666,120.2
204,K3178,芙蓉,28.316666666666666,121.01666666666667
205,K3179,白象,28.016666666666666,120.86666666666666
206,K3181,下寮,28.233333333333334,120.66666666666667
207,K3182,茗岙,28.266666666666666,120.55
208,K3183,渠口,28.266666666666666,120.73333333333333
209,K3184,陡门,28.2,120.83333333333333
210,K3185,鹤盛,28.4,120.9
211,K3186,岩坦,28.483333333333334,120.71666666666667
212,K3187,枫林,28.316666666666666,120.8
213,K3188,山坑,28.366666666666667,120.56666666666666
214,K3189,石染,28.35,120.38333333333334
215,K3190,铁店垟,28.5,120.63333333333334
216,K3191,岷岗,27.95,120.55
217,K3192,岙底,28.1,120.46666666666667
218,K3193,临江,28.133333333333333,120.51666666666667
219,K3194,仙岩,27.883333333333333,120.66666666666667
220,K3195,天河,27.866666666666667,120.78333333333333
221,K3205,大门,27.95,121.08333333333333
222,K3220,湖岭,27.9,120.38333333333334
223,K3221,枫岭,27.883333333333333,120.25
224,K3222,花岩,27.83111,120.3128
225,K3223,碧山,27.833333333333332,120.53333333333333
226,K3224,金川,27.95,120.4
227,K3227,东溪,27.916666666666668,120.11666666666666
228,K3230,上林,27.816666666666666,120.18333333333334
229,K3235,西岙,28.416666666666668,120.38333333333334
230,K3236,溪一村,28.433333333333334,120.71666666666667
231,K3237,西源,28.416666666666668,120.83333333333333
232,K3243,瑶溪,27.933333333333334,120.76666666666667
233,K3245,景山,28.0,120.63333333333334
234,K3246,梧田,27.966666666666665,120.68333333333334
235,K3256,黎明,28.016666666666666,120.73333333333333
236,K3257,星海,27.866666666666667,120.81666666666666
237,K3258,三垟,27.983333333333334,120.71666666666667
238,K3259,上戍,28.083333333333332,120.53333333333333
239,K3260,状元,27.95,120.73333333333333
240,K3261,南郊,28.0,120.63333333333334
241,K3262,郭溪,28.033333333333335,120.5
242,K3264,双峰,28.466666666666665,121.06666666666666
243,K3265,南塘,28.266666666666666,121.11666666666666
244,K3266,柳市,28.033333333333335,120.88333333333334
245,K3268,南白象,27.916666666666668,120.66666666666667
246,K3273,呈坑,28.483333333333334,120.58333333333333
247,K3274,古庙,28.23639,120.8172
248,K3275,昆阳,28.266666666666666,120.56666666666666
249,K3276,崖下库,28.3,120.66666666666667
250,K3278,蒲州,28.0,120.73333333333333
251,K3279,松台,28.016666666666666,120.63333333333334
252,K3280,沙城,27.883333333333333,120.8
253,K3281,海城,27.833333333333332,120.76666666666667
254,K3282,海滨蓝田,27.933333333333334,120.85
255,K3293,乐成,28.116666666666667,120.96666666666667
256,K3298,望海楼,27.816666666666666,121.1
257,K3299,娄桥,27.95,120.61666666666666
258,K3300,岙外,27.966666666666665,121.18333333333334
259,K3301,竹屿,27.816666666666666,121.2
260,K3302,南塘,27.816666666666666,121.13333333333334
261,K3303,百浪鼓,27.816666666666666,121.11666666666666
262,K3304,半屏山,27.816666666666666,121.15
263,K3307,天成街道,28.166666666666668,121.03333333333333
264,K3309,东沙村,27.833333333333332,121.16666666666667
265,K3310,箬隆村,28.116666666666667,120.7
266,K3311,峙口,28.166666666666668,120.76666666666667
267,K3312,朱岙村,28.2,120.65
268,K3313,九龙山,28.466666666666665,120.95
269,K3314,林下村,28.15,120.46666666666667
270,K3315,西章,28.2,120.6
271,K3316,大联村,28.066666666666666,120.76666666666667
272,K3320,大门寨楼,27.983333333333334,121.1
273,K3321,乌岩山,28.15,120.68333333333334
274,K3322,龙山,28.166666666666668,120.7
275,K3325,南塘镇,28.233333333333334,121.13333333333334
276,K3326,城东街道,28.166666666666668,120.98333333333333
277,K3327,溪下罗垟,28.533333333333335,120.51666666666667
278,K3328,溪下黄一,28.566666666666666,120.45
279,K3329,黄田凤屿,28.1,120.65
280,K3330,岩头高山,28.45,120.83333333333333
281,K3331,岩坦石阵,28.516666666666666,120.8
282,K3332,枫林垟山头,28.316666666666666,120.75
283,K3333,茗岙章岙,28.3,120.48333333333333
284,K3334,大若岩双岙,28.316666666666666,120.61666666666666
285,K3335,金溪茶一,28.266666666666666,120.43333333333334
286,K3336,三江行蝉,28.1,120.73333333333333
287,K3337,鹤盛鹤泉,28.366666666666667,120.86666666666666
288,K3338,沙头马田,28.3,120.85
289,K3347,青山,27.916666666666668,121.1
290,K3349,大门沙岙,27.97389,121.1253
291,K3350,大门观音礁,27.96472,121.1358
292,K3351,王宅,27.97778,121.0639
293,K3352,大山岛,27.93389,121.2172
294,K3353,大笔架屿,27.9225,121.1661
295,K3355,南炮台,27.82417,121.1742
296,K3356,下埠宅,28.22583,120.9989
297,K3357,昌门,28.52194,121.1453
298,K3358,蒲岐,28.15889,121.0647
299,K3359,金鸡山,27.96056,120.2492
300,K3362,麻山,28.135,120.6339
301,K3363,陈周,28.46111,120.7706
302,K3364,岭背,28.58028,120.6525
303,K3365,王山,28.5525,120.7453
304,K3366,石鸟,28.49139,120.6164
305,K3367,正江山,28.35583,120.8608
306,K3368,篷溪,28.37222,120.8144
307,K3369,信岙,28.40611,120.4311
308,K3370,河口岙,28.06806,120.805
309,K3371,桥头黄堡,28.18861,120.4675
310,K3372,灵昆周宅,27.97,120.88
311,K3373,灵昆雁升,27.96,120.94
312,K3374,清江万乐农场,28.27278,121.0572
313,K3375,岭底张庄,28.29972,120.9308
314,K3376,龙西叶山,28.37,120.97
315,K3377,岩坦潘塘,28.53,120.66
316,K3378,界坑上董,28.46,120.38
317,K3379,茗岙章当,28.32,120.51
318,K3380,巽宅雷付,28.37,120.35
319,K3381,黄田千石,28.07,120.67
320,K3382,金溪岭一,28.27,120.49
321,K3383,鹤盛谷庄,28.36,120.93
322,K3384,岩头里岙,28.32,120.71
323,K3385,岩头抱岙,28.42,120.77
324,K3386,桥下京岸,28.17,120.54
325,K3387,云岭李川,28.47,120.88
326,K3388,云岭云栖,28.47,120.92
327,K3389,溪下麻茶,28.52,120.46
328,K3390,桐浦太平山,27.9,120.55
329,K3396,沙头中学,28.2,120.76
330,K3397,崇德学校,28.14,120.68
331,K3398,沙头乌龙川,28.24,120.84
332,K3399,城东实验小学,28.11,121.01
333,K3400,仙溪一小,28.42,121.07
334,K3405,望海楼,27.83329963684082,121.13330078125
335,K3407,永嘉,28.149999618530273,120.68329620361328
336,K3408,温州,28.033300399780273,120.6500015258789
337,K3410,乐清,28.066699981689453,120.9666976928711
338,K3415,洞头,27.83329963684082,121.1500015258789
339,K3441,灵昆沙塘,27.96,120.89
340,K3442,小霓屿岛,27.84,121.0
341,K3443,大荆水叠湖,28.45,121.19
342,K3444,仙溪联红,28.43,120.98
343,K3445,大荆平园,28.44,121.11
344,K3446,柳市里隆,28.0,120.89
345,K3447,淡溪硐垟,28.25,120.93
346,K3448,北白象印屿,28.06,120.81
347,K3462,马屿五云山,27.82,120.39
348,K3463,高楼宁安,27.83,120.26
349,K3468,娄桥龙舟基地,27.96,120.61
350,K3469,状元大岙溪,27.96,120.73
351,K3470,瓯江口北大桥,27.98,120.93
352,K3480,雁荡一中,28.35,121.14
353,K3481,柳市第十七小学,28.08,120.87
354,K3482,虹桥一小,28.21,121.05
355,K3483,淡溪玛瑙,28.2,120.91
356,K3484,岭底湖上垟,28.31,120.91
357,K3485,市乐成仰根,28.17,120.94
358,K3486,北岙三盘,27.87,121.16
359,K3487,山坪,27.98,121.19
360,K3488,奥体中心,27.92,120.8
361,K3500,岩头中学,28.34,120.73
362,K3501,朱涂小学,28.15,120.49
363,K3503,海巡07131,27.966666666666665,121.18333333333334
364,K3507,泽雅下良,27.99,120.42
365,K3552,大罗山,27.9,120.75
366,K3553,北林垟,28.0,120.38333333333334
367,K3557,城北,28.166666666666668,120.91666666666667
368,K3559,望海楼,27.816666666666666,121.1
369,K3560,四海山,28.5,120.75
370,K3564,桂峰,27.916666666666668,120.26666666666667
371,K3567,枫林,28.316666666666666,120.8
372,K3568,中堡,28.45,120.93333333333334
373,K3569,应坑,28.416666666666668,120.51666666666667
374,K3570,北雁荡,28.35,121.08333333333333
375,K3571,岭底,28.283333333333335,120.95
376,K3572,霓屿,27.833333333333332,121.05
377,K3575,智仁昌门,28.5219,121.1453
378,K3576,金鸡山,27.956,120.248
379,K3577,岭底张庄,28.3,120.93
380,K3601,马屿农气,27.833333333333332,120.45
381,K3607,翁垟蔬菜基地,28.016666666666666,120.95
382,K3608,大荆石斛基地,28.45,121.13333333333334
383,K3610,雁荡,28.35,121.13
384,K3611,梅屿潘垟,27.833333333333332,120.46666666666667
385,K3613,半岭,28.066666666666666,120.75
386,K3617,石斛基地,27.833333333333332,120.33333333333333
387,K3618,后寮村,27.833333333333332,121.15
388,K3622,昆阳农气,28.266666666666666,120.58333333333333
389,K3623,陶山农气,27.833333333333332,120.51666666666667
390,K3633,枫林外档,28.3,120.76
391,K3634,鹿西白龙屿海水养殖,27.99,121.23
392,K3702,玉壶林龙,27.90806,120.1917
393,K3710,花岙,28.05,120.66666666666667
394,K3711,六岙,28.1,120.6
395,K3712,北溪,28.466666666666665,120.51666666666667
396,K3713,应坑,28.416666666666668,120.51666666666667
397,K3714,五尺,28.383333333333333,120.66666666666667
398,K3715,石柱,28.266666666666666,120.75
399,K3717,潮基,27.9,120.41666666666667
400,K3724,光明,27.916666666666668,120.21666666666667
401,K3731,岩坦叶坑,28.49,120.67
402,K3732,界坑兴发,28.43,120.44
403,K3733,岩坦岩龙,28.49,120.55
404,K3734,大若岩白泉,28.29,120.62
405,K3735,枫林东升,28.35,120.76
406,K3736,碧莲大树垟,28.38,120.53
407,K3737,沙头阳岙,28.19,120.74
408,K3738,沙头东川,28.26,120.79
409,K3739,巽宅麻庄,28.34,120.46
410,K3740,巽宅邵川,28.33,120.45
411,K3741,金溪黄村,28.27,120.45
412,K3742,桥头籘溪,28.2,120.45
413,K3743,鹤盛岩峰,28.39,120.94
414,K3744,岩头麻家溪,28.37,120.63
415,K3745,桥下徐山,28.13,120.6
416,K3746,云岭南山,28.42,120.93
417,K3747,南城龙华,28.15,120.65
418,K3748,乌牛西岙,28.1,120.79
419,K3749,三江梅园,28.04,120.73
420,K3750,瓯北五星,28.04,120.6
421,K3751,北城横溪,28.18,120.68
422,K3752,东城大岙坦,28.19,120.8
423,K3753,溪下陈山头,28.55,120.49
424,K3770,大若岩九房,28.27,120.67
425,K3771,大若岩龙垟,28.3,120.65
426,K3772,大若岩梧涨,28.27,120.65
427,K3773,大若岩小若口,28.28,120.68
428,K3774,南城东兴,28.13,120.72
429,K3775,南城黄屿,28.13,120.71
430,K3776,南城李观,28.14,120.71
431,K3777,桥下八里,28.16,120.55
432,K3778,桥下韩埠,28.16,120.55
433,K3779,沙头稠树,28.23,120.75
434,K3780,岩头烘头,28.28,120.74
435,K3781,岩头黎明,28.38,120.65
436,K3798,滨江气象局,28.02,120.69
437,K3800,瞿溪雄岙,27.96,120.5
438,K3832,,28.15,120.69
439,K3900,藤桥枫林岙,28.1,120.51
440,K3901,藤桥油岙,28.07,120.49
441,K3911,二高,28.016666666666666,120.6
442,K3912,廿一中,28.0,120.66666666666667
443,K3913,瓯北一小,28.05,120.66666666666667
444,K3917,民航温州,27.883333333333333,120.83333333333333
445,K3993,三垟湿地,27.966666666666665,120.7
446,K3998,霓屿B,27.833333333333332,121.05
447,K4208,岭北,29.4,120.3
448,K4236,水带,29.433333333333334,120.33333333333333
449,K4262,岭北雪深,29.4,120.3
450,K4263,龙门顶,29.483333333333334,120.43333333333334
451,K4264,理家,29.466666666666665,120.31666666666666
452,K4325,龙门顶雪深,29.483333333333334,120.43333333333334
453,K4603,南山,29.433333333333334,120.58333333333333
454,K4608,里南,29.433333333333334,120.68333333333334
455,K4613,玠溪,29.35,120.61666666666666
456,K4631,贵门,29.4,120.61666666666666
457,K4632,开元,29.483333333333334,120.61666666666666
458,K4646,大昆村,29.483333333333334,120.53333333333333
459,K4647,长乐小学,29.466666666666665,120.61666666666666
460,K4652,贵门,29.4,120.61666666666666
461,K4673,八宿屋村,29.4,120.68
462,K4677,汉溪湾,29.49,120.6
463,K4683,小坑,29.46,120.77
464,K4686,屏岫,29.38,120.69
465,K4690,何家坞,29.39,120.72
466,K4709,南山湖,29.399999618530273,120.58329772949219
467,K4801,回山,29.283333333333335,120.81666666666666
468,K4802,儒岙,29.35,120.93333333333334
469,K4803,西山,29.483333333333334,120.98333333333333
470,K4804,沙溪,29.466666666666665,121.13333333333334
471,K4805,镜岭,29.366666666666667,120.78333333333333
472,K4807,雪头,29.416666666666668,121.16666666666667
473,K4808,里东,29.366666666666667,121.1
474,K4809,长沼,29.416666666666668,121.03333333333333
475,K4810,东茗,29.433333333333334,120.85
476,K4811,双彩,29.333333333333332,120.83333333333333
477,K4813,红庄,29.466666666666665,120.8
478,K4814,燕窠,29.416666666666668,120.76666666666667
479,K4815,平湖,29.45,120.93333333333334
480,K4817,彭顶山,29.466666666666665,121.01666666666667
481,K4818,城南乡,29.483333333333334,120.9
482,K4821,练使,29.3,120.78333333333333
483,K4822,琅珂,29.4,120.88333333333334
484,K4823,王岙水库,29.416666666666668,120.93333333333334
485,K4825,长沼林场,29.416666666666668,121.0
486,K4826,五平村,29.416666666666668,121.05
487,K4827,治国坞,29.3,120.93333333333334
488,K4829,芹塘,29.3367,121.1
489,K4832,彭坑,29.3367,121.0333
490,K4834,穿岩,29.383333333333333,120.8
491,K4836,彭顶山雪深,29.466666666666665,121.01666666666667
492,K4838,东茗雪深,29.433333333333334,120.83333333333333
493,K4839,雪溪茶场,29.466666666666665,121.18333333333334
494,K4841,外婆坑,29.333333333333332,120.71666666666667
495,K4842,外婆坑雪深,29.333333333333332,120.71666666666667
496,K4843,横板桥雪深,29.35,120.93333333333334
497,K4844,罗坑山雪深,29.366666666666667,121.16666666666667
498,K4846,新任村,29.316666666666666,120.53333333333333
499,K4847,马安山,29.383333333333333,120.51666666666667
500,K4848,钟林山,29.483333333333334,120.96666666666667
501,K4851,猪山水厂,29.483333333333334,120.91666666666667
502,K4853,西花园,29.45,120.78333333333333
503,K4854,梅诸,29.483333333333334,120.81666666666666
504,K4855,石磁村,29.37,120.99
505,K4856,上里村,29.36,120.98
506,K4857,圳塍村,29.38,120.91
507,K4858,横山村,29.35,120.9
508,K4859,王里山村,29.26,120.88
509,K4860,新合村,29.29,120.87
510,K4863,兰沿村,29.46,120.95
511,K4866,班竹村,29.39,120.94
512,K4868,泄下村,29.41,120.81
513,K4869,兴旺,29.41,120.77
514,K4870,鳌峰村,29.45,121.06
515,K4871,坑西村,29.47,121.0
516,K4872,浙东茶场,29.49,121.0
517,K4873,寨岭村,29.41,121.07
518,K4875,拨云间茶场,29.4,120.98
519,K4876,城东实验学校,29.48,120.93
520,K4877,万丰机场,29.45,121.01
521,K4878,安山村,29.33,120.74
522,K4879,暖坞坑村,29.38,120.74
523,K4880,坟山脚,29.34,120.77
524,K4881,百鸟茶场,29.34,120.8
525,K4882,上贝村,29.32,120.87
526,K4883,官元村,29.28,120.79
527,K4884,双溪村,29.29,120.86
528,K4885,旧里村,29.31,120.82
529,K4886,大宅里村,29.28,120.85
530,K4887,荷塘村,29.26,120.83
531,K4888,下塘村,29.3,120.84
532,K4889,后谢,29.33,120.86
533,K4890,雅里村,29.27,120.8
534,K4891,安顶山,29.24,120.79
535,K4892,东茗小学,29.43,120.83
536,K4893,里王村,29.42,120.86
537,K4894,白岩村,29.38,120.86
538,K4895,下岩贝村,29.38,120.82
539,K4896,里小将村,29.38,121.13
540,K4897,迭里村,29.4,121.14
541,K4898,茅洋村,29.37,121.04
542,K4899,新欣村,29.33,121.05
543,K4900,南天门,29.35,121.15
544,K4901,罗坑山,29.366666666666667,121.16666666666667
545,K4906,罗坑山,29.36669921875,121.16670227050781
546,K4911,黄坑村,29.49,121.21
547,K4912,姚宫八里,29.43,120.9
548,K4913,韩妃村,29.35,120.86
549,K4914,八寺山,29.46,120.89
550,K4915,天姥山,29.37,120.96
551,K6012,苏溪,29.4,120.13333333333334
552,K6013,廿三里,29.35,120.16666666666667
553,K6016,南马,29.1,120.2
554,K6017,横店,29.15,120.31666666666666
555,K6018,巍山,29.333333333333332,120.43333333333334
556,K6020,方岩,28.95,120.18333333333334
557,K6021,桥下,29.033333333333335,120.18333333333334
558,K6036,三单,29.3,120.63333333333334
559,K6037,浪坑坞,29.333333333333332,120.25
560,K6038,歌山,29.283333333333335,120.4
561,K6039,千祥,29.033333333333335,120.31666666666666
562,K6040,八达,29.2,120.51666666666667
563,K6041,西垣,29.45,120.45
564,K6042,六石,29.3,120.33333333333333
565,K6043,画水,29.166666666666668,120.13333333333334
566,K6052,大陈,29.466666666666665,120.11666666666666
567,K6053,大畈,29.483333333333334,120.25
568,K6062,杨溪,28.9,120.15
569,K6064,溪岸,28.966666666666665,120.13333333333334
570,K6066,八都,29.466666666666665,120.16666666666667
571,K6067,卫星,29.383333333333333,120.18333333333334
572,K6068,横锦,29.25,120.45
573,K6069,南江,29.15,120.43333333333334
574,K6070,虎鹿,29.366666666666667,120.45
575,K6071,佐村,29.3,120.55
576,K6078,仁川,28.9,120.41666666666667
577,K6079,双溪,29.116666666666667,120.5
578,K6080,大盘,29.0,120.56666666666666
579,K6081,方前,29.05,120.68333333333334
580,K6082,尚湖,29.15,120.65
581,K6083,尖山,29.216666666666665,120.71666666666667
582,K6084,南溪,29.2,120.18333333333334
583,K6095,中山,29.066666666666666,120.11666666666666
584,K6096,棠溪,28.966666666666665,120.3
585,K6099,玉山,29.233333333333334,120.65
586,K6100,维新,28.95,120.6
587,K6101,深泽,29.0,120.41666666666667
588,K6102,胡宅,29.25,120.75
589,K6105,怀鲁,29.4,120.38333333333334
590,K6109,舟山,28.8,120.18333333333334
591,K6112,更楼下,29.216666666666665,120.28333333333333
592,K6121,新渥,28.95,120.38333333333334
593,K6122,百丈潭,28.866666666666667,120.43333333333334
594,K6123,溪岸,28.95,120.13333333333334
595,K6125,高二乡,28.916666666666668,120.56666666666666
596,K6134,新楼,28.866666666666667,120.21666666666667
597,K6138,白云,29.3,120.18333333333334
598,K6139,马宅,29.083333333333332,120.36666666666666
599,K6146,花果山,29.0,120.51666666666667
600,K6147,窈川,29.1,120.56666666666666
601,K6148,九和,29.183333333333334,120.6
602,K6159,盘峰,28.933333333333334,120.53333333333333
603,K6166,西溪,29.0,120.23333333333333
604,K6168,楂林,29.483333333333334,120.13333333333334
605,K6170,裘家岭,29.233333333333334,120.2
606,K6172,斯村,29.15,120.18333333333334
607,K6178,双峰,28.916666666666668,120.45
608,K6179,佐村村,29.183333333333334,120.28333333333333
609,K6187,荷叶塘,29.383333333333333,120.11666666666666
610,K6188,山口村,29.283333333333335,120.11666666666666
611,K6190,里西岗,29.45,120.25
612,K6192,西竹园,28.966666666666665,120.16666666666667
613,K6193,江南中学,29.3,120.2
614,K6194,梦幻谷,29.14,120.3
615,K6197,沈粮,29.34,120.43
616,K6198,上山,29.4,120.37
617,K6210,万苍乡,29.183333333333334,120.68333333333334
618,K6211,五峰书院,28.933333333333334,120.18333333333334
619,K6221,弓塘,28.983333333333334,120.13333333333334
620,K6225,峰箬,28.833333333333332,120.13333333333334
621,K6229,西溪,29.016666666666666,120.23333333333333
622,K6230,水珠塘,29.09,120.27
623,K6231,西街,29.266666666666666,120.73333333333333
624,K6232,亭塘,29.3,120.23333333333333
625,K6233,吴山,29.316666666666666,120.16666666666667
626,K6234,金村,29.266666666666666,120.2
627,K6237,郭宅,29.22,120.39
628,K6243,钱塘,29.316666666666666,120.18333333333334
629,K6248,磐中,29.05,120.46
630,K6250,黄檀林场,28.86,120.46
631,K6251,滑雪场,28.93,120.6
632,K6252,岭干,29.1,120.65
633,K6254,大爱城,29.04,120.61
634,K6257,高姥山,28.89,120.54
635,K6258,仁川,28.91,120.4
636,K6260,栗岭,29.25,120.69
637,K6265,圆明园,29.14,120.27
638,K6266,湖溪镇政府,29.18,120.39
639,K6268,东阳江镇政府,29.25,120.44
640,K6271,马宅岭干顾,29.12,120.49
641,K6272,东岘社区,29.26,120.24
642,K6273,西牌楼,29.27,120.2
643,K6276,大联,29.15,120.23
644,K6280,歌山夏湖呈,29.29,120.37
645,K6284,尚湖能见度,29.17,120.68
646,K6285,尖山能见度,29.23,120.74
647,K6289,尚湖农气,29.15,120.67
648,K6290,仁川天网,28.91,120.47
649,K6292,后陈村,29.29,120.25
650,K6293,东白山茶场,29.49,120.46
651,K6300,石塔山,29.33,120.35
652,K6301,上村,29.28,120.52
653,K6302,毛埠头,29.32,120.64
654,K6317,方前水温站,29.05,120.68
655,K6318,里田石,28.99,120.65
656,K6319,上横山,29.16,120.54
657,K6320,墨林,29.06,120.56
658,K6321,自家庄,29.21,120.63
659,K6337,麻家村,29.39,120.51
660,K6338,宅口,29.35,120.55
661,K6339,下陈,29.07,120.36
662,K6340,岭脚,28.98,120.37
663,K6345,朝塘,29.49,120.16
664,K6346,北金山,29.48,120.12
665,K6347,玉米研究所,29.27,120.32
666,K6348,枫树岭隧道,29.41,120.36
667,K6353,联五,29.37,120.21
668,K6354,东门村站,29.18,120.45
669,K6355,八脚坎,29.34,120.15
670,K6362,浮牌,29.22,120.67
671,K6363,新渥大山下,28.99,120.39
672,K6373,任岭脚,29.28,120.21
673,K6374,上林口,29.3,120.47
674,K6387,林村,29.15,120.17
675,K6388,屏岩洞府,29.18,120.3
676,K6389,禹山高尔夫球场,29.17,120.34
677,K6390,后畈,29.46,120.11
678,K6391,立碑塘,29.37,120.16
679,K6392,县尚湖袁村,29.17,120.66
680,K6393,尚湖杜家村,29.13,120.71
681,K6394,尚湖尚路研,29.1,120.6
682,K6395,窈川新锦,29.12,120.57
683,K6396,窈川川一,29.1,120.54
684,K6397,盘峰大岭头,28.92,120.5
685,K6398,冷水潘潭,28.89,120.31
686,K6399,安文岗头,29.04,120.51
687,K6400,双溪潘庄,29.14,120.49
688,K6401,九和锦湖,29.19,120.58
689,K6402,冷水箬坑,28.92,120.32
690,K6416,斗潭,28.79,120.14
691,K6424,寨口,28.98,120.26
692,K6428,柿后,28.96,120.14
693,K6433,姓傅,28.86,120.13
694,K6435,尚黄桥,28.94,120.28
695,K6436,铜山,28.91,120.24
696,K6438,坑口,28.99,120.2
697,K6716,尖山,29.216666666666665,120.71666666666667
698,K6719,西溪,29.033333333333335,120.23333333333333
699,K6720,棠溪,28.966666666666665,120.3
700,K6721,杨溪,28.883333333333333,120.15
701,K6905,玉米研究所,29.27,120.32
702,K6906,培香,29.26,120.75
703,K6907,马宅塘里,29.09,120.4
704,K6911,吴宁街道,29.26,120.23
705,K6912,瀚雯农场,29.32,120.19
706,K7836,八迭岭村,28.56,120.12
707,K7837,蒙坑村,28.5,120.16
708,K7900,李黄村,28.083333333333332,120.21666666666667
709,K7901,龙现村,27.983333333333334,120.3
710,K7903,阜山皇菊基地,28.1,120.18
711,K7905,平风寨,28.11,120.28
712,K7906,平风寨村,28.08,120.28
713,K7909,底黄垟村,28.27,120.32
714,K7911,塘古村,28.04,120.17
715,K7921,龙坑村,28.58,120.31
716,K7929,永安村,28.6,120.31
717,K7930,越陈村,28.64,120.32
718,K7931,塘孔村,28.68,120.3
719,K7933,岩坑村,28.61,120.23
720,K7934,农兴村,28.8,120.26
721,K7935,括苍村,28.77,120.35
722,K7936,包坑村,28.93,120.28
723,K7937,西施村,28.93,120.26
724,K7938,水口村,28.76,120.28
725,K7939,章村村,28.61,120.2
726,K7957,长兰村,28.78,120.21
727,K7958,上东岸村,28.89,120.31
728,K7974,麻宅村,28.07,120.36
729,K7976,乌泥塘村,28.35,120.33
730,K7977,山口镇,28.06,120.31
731,K7978,彭括村,28.12,120.34
732,K7979,峰山村,28.32,120.35
733,K7982,东溪村,28.27,120.41
734,K7983,垟寮村,27.98,120.24
735,K7984,小佐村,27.96,120.22
736,K7986,桃坳村,28.19,120.14
737,K7989,后金村,28.01,120.33
738,K7993,高市乡,28.26,120.12
739,K7995,雅陈村,28.07,120.27
740,K7997,葵山村,28.2,120.4
741,K7998,黄圆平村,28.22,120.4
742,K7999,吴坑乡,28.24,120.4
743,K8000,洪家便携,28.65,121.4
744,K8001,赤龙,28.65472,121.4189
745,K8002,东矶B,28.71889,121.9156
746,K8003,绿心,28.638986,121.3521
747,K8010,椒江口BD,28.6625,121.5108
748,K8011,绿心BD,28.62899,121.3521
749,K8012,东矶BD,28.69861,121.9147
750,K8013,虾捕BD,28.50553,121.8901
751,K8014,一江山BD,28.60861,121.8156
752,K8020,后岙BD,28.66306,120.9097
753,K8023,大寺基BD,28.58417,120.7997
754,K8024,富山BD,28.53583,120.9114
755,K8030,白果BD,28.48386,121.62174
756,K8031,绿心雪深,28.63889,121.3522
757,K8032,三山BD,28.56139,121.5944
758,K8033,鹁鸪嘴BD,28.55056,121.6422
759,K8034,湖屿岛BD,28.45833,121.6653
760,K8040,东海塘BD,28.41945,121.6122
761,K8041,三蒜BD,28.2325,121.6375
762,K8042,犁头咀BD,28.26611,121.4372
763,K8043,太湖山BD,28.49917,121.2019
764,K8044,方山BD,28.42056,121.2428
765,K8045,隔海岛BD,28.30417,121.6469
766,K8046,石塘BD,28.26583,121.6244
767,K8047,黄茅山BD,28.52972,121.3078
768,K8048,伍佰屿BD,28.47694,121.6092
769,K8049,北港BD,28.43167,121.6581
770,K8050,鸡山BD,28.1,121.3722
771,K8051,干江BD,28.16639,121.3717
772,K8052,花岩浦BD,28.19611,121.3089
773,K8053,大圆头BD,28.24195,121.4161
774,K8054,大岩头BD,28.04667,121.1631
775,K8055,中鹿岛BD,28.05694,121.4106
776,K8056,披山BD,28.10583,121.52
777,K8057,江岩BD,28.17333,121.1492
778,K8060,白沙BD,28.71305,121.6383
779,K8061,南岙村BD,28.84805,121.3322
780,K8062,安基山BD,29.0,120.9667
781,K8063,北泽岛BD,28.9,121.75
782,K8064,雀儿岙BD,28.81,121.8478
783,K8065,头门BD,28.69028,121.7589
784,K8066,括苍山BD,28.80972,120.93333
785,K8070,天柱BD,28.94,120.8167
786,K8071,柱峰BD,29.023067,120.76972
787,K8072,苍山顶BD,29.15139,121.1528
788,K8078,岭脚村BD,28.36194,121.2825
789,K8079,九洞门BD,28.4125,121.6617
790,K8080,三角塘BD,28.93806,121.7144
791,K8081,洪家温梯,28.65,121.4167
792,K8082,天台温梯,29.15,120.95
793,K8083,林场BD,29.04917,121.4242
794,K8084,扩塘山BD,28.89111,121.6617
795,K8085,三门岛BD,28.96472,121.7919
796,K8086,五子岛BD,29.00556,121.7608
797,K8087,五峙山BD,28.91111,121.7244
798,K8090,安岭BD,28.56083,120.3333
799,K8091,朱溪BD,28.71806,120.7936
800,K8092,朱坑里BD,28.60417,120.6542
801,K8093,青尖山BD,28.91639,120.7275
802,K8094,公盂BD,28.63917,120.6425
803,K8095,天顶茶场BD,28.62583,120.8078
804,K8100,椒江YJ,28.65,121.45
805,K8101,东方红,28.67805,121.4467
806,K8102,椒江口,28.65,121.5167
807,K8103,涛江闸,28.69667,121.4897
808,K8104,马峙,28.75389,121.4047
809,K8105,农场,28.6167,121.5167
810,K8106,大桥,28.70806,121.3967
811,K8107,下陈,28.59306,121.4592
812,K8108,柏树里,28.73028,121.4508
813,K8109,新佳果,28.61944,121.5092
814,K8110,上大陈,28.49639,121.9056
815,K8111,二桥,28.69444,121.4744
816,K8112,岳头村,28.66417,121.4556
817,K8113,污水厂,28.64,121.5019
818,K8114,雷达站,28.61722,121.522441
819,K8115,挡港桥,28.59028,121.3997
820,K8116,一江山,28.60861,121.8156
821,K8117,大陈码头,28.45333,121.8894
822,K8118,乌石,28.68333,121.375
823,K8120,台州湾大桥,28.67805,121.5119
824,K8121,柑橘良种场,28.73611,121.3692
825,K8122,烟草中心,28.59,121.5361
826,K8123,虾捕,28.50553,121.8901
827,K8124,洪家二中,28.60372,121.4144
828,K8125,上大陈码头,28.47861,121.8731
829,K8126,一江码头,28.58675,121.81045
830,K8127,江北药业,28.70611,121.3672
831,K8128,李宅村,28.76,121.3928
832,K8131,二桥雪深,28.69444,121.4744
833,K8151,新佳果农气,28.6154,121.5192
834,K8152,鲜花基地,28.6,121.46667
835,K8153,下陈农果园,28.59139,121.45528
836,K8180,洪家辐射,28.61806,121.41639
837,K8181,大陈辐射,28.446,121.90333
838,K8182,黄岩辐射,28.61806,121.09472
839,K8184,温岭辐射,28.37278,121.35889
840,K8185,玉环辐射,28.0575,121.2708
841,K8186,临海辐射,28.8739,121.1928
842,K8187,天台辐射,29.15278,120.97056
843,K8188,三门辐射,29.12278,121.38333
844,K8189,仙居辐射,28.86722,120.72889
845,K8191,新民小学,28.70583,121.4325
846,K8200,黄岩YJ,28.6667,121.3167
847,K8201,黄岩局,28.6525,121.28
848,K8202,宁溪,28.59167,120.9753
849,K8203,沙埠,28.54806,121.1744
850,K8204,长潭,28.61028,121.0614
851,K8205,头陀,28.67417,121.1369
852,K8206,富山,28.53583,120.9131
853,K8207,白石,28.67444,120.9375
854,K8208,屿头,28.65211,121.01093
855,K8209,上郑,28.60583,120.8744
856,K8210,上垟,28.515366,121.008268
857,K8212,江口,28.6903,121.3275
858,K8213,院桥,28.54972,121.2781
859,K8214,高桥,28.58444,121.2314
860,K8215,新前,28.68139,121.2067
861,K8216,茅畲,28.595,121.1314
862,K8217,澄江,28.63222,121.1736
863,K8218,科技学院,28.66945,121.2539
864,K8219,铅锌矿,28.5981,120.92483
865,K8220,北洋,28.63056,121.0978
866,K8221,平田,28.53806,121.0739
867,K8222,大寺基,28.58417,120.7997
868,K8225,牌门,28.53722,120.9522
869,K8226,委羽山,28.62472,121.2397
870,K8227,十里铺,28.6125,121.2672
871,K8228,江心屿,28.70555,121.3256
872,K8229,白鹭湾,28.61222,120.9992
873,K8230,黄毛山,28.57528,121.0769
874,K8231,白石雪深,28.67444,120.9375
875,K8232,富山雪深,28.53583,120.9131
876,K8233,柑橘所雪深,28.64278,121.1564
877,K8234,城区雪深,28.66945,121.2539
878,K8235,平田雪深,28.53806,121.0739
879,K8236,大寺基雪深,28.58417,120.7997
880,K8240,东城小学,28.65111,121.3006
881,K8241,王林,28.685,121.2867
882,K8242,长滩,28.66028,120.9892
883,K8243,岭根,28.54722,120.9364
884,K8244,下抱水库,28.70972,121.2208
885,K8245,南正顶,28.51028,120.8578
886,K8246,蒋东岙,28.6125,120.9275
887,K8247,五尖山,28.66611,121.0386
888,K8248,元同溪闸,28.62417,121.1458
889,K8249,黄土岭,28.68306,121.2394
890,K8250,联丰,28.65278,121.0689
891,K8251,柑橘基地,28.60111,121.16778
892,K8256,抱料,28.55972,120.8456
893,K8257,决要,28.5325,120.8467
894,K8258,福利,28.6075,120.9708
895,K8259,布袋坑,28.70056,120.9442
896,K8260,东岭头,28.67111,121.1006
897,K8261,黄岩辐射,28.6833,121.25
898,K8262,科技备,28.6725,121.28
899,K8263,桐里岙,28.55972,121.0511
900,K8264,下方,28.5325,121.0017
901,K8265,乌岩头,28.61667,120.95
902,K8266,柔川,28.6333,121.0
903,K8270,东亚山庄,28.59833,120.82
904,K8271,外金,28.50778,120.8914
905,K8272,牌门B,28.52722,120.9522
906,K8273,后岙,28.66306,120.9097
907,K8274,前思岙,28.48611,121.0247
908,K8275,兴安,28.65028,120.9594
909,K8276,董岙,28.56167,121.0181
910,K8282,宁溪B,28.58167,120.9753
911,K8283,柑橘所,28.64278,121.1564
912,K8290,富山,28.53583,120.9114
913,K8291,上郑,28.60556,120.8747
914,K8300,路桥YJ,28.5333,121.3333
915,K8301,路桥,28.57528,121.3503
916,K8302,横街,28.52778,121.4456
917,K8303,金清,28.51583,121.4972
918,K8304,白果,28.48386,121.62174
919,K8305,黄琅,28.52611,121.5967
920,K8306,桐屿,28.58556,121.3344
921,K8307,机场,28.55528,121.4222
922,K8308,新桥,28.51194,121.4036
923,K8309,蓬街,28.55445,121.4694
924,K8310,峰江,28.54861,121.3681
925,K8311,水厂,28.56083,121.33
926,K8312,农垦场,28.50805,121.5872
927,K8313,启明村,28.56807,121.51892
928,K8314,白果B,28.48389,121.6217
929,K8315,三山,28.56139,121.5944
930,K8316,鹁鸪嘴,28.55056,121.6422
931,K8317,凉溪,28.61778,121.3067
932,K8318,东风村,28.56417,121.3083
933,K8319,三山B,28.56139,121.5944
934,K8320,湖屿岛,28.45833,121.6653
935,K8321,保全小学,28.52889,121.3761
936,K8322,路桥高速,28.55556,121.5392
937,K8323,横街小学,28.53583,121.4328
938,K8324,飞龙湖,28.60444,121.3358
939,K8325,联盟闸,28.52083,121.5478
940,K8326,龙头王村,28.58139,121.3919
941,K8327,下陶村,28.53639,121.3953
942,K8328,会展中心,28.5975,121.3692
943,K8329,明珠学校,28.52,121.5147
944,K8330,北大附中,28.60139,121.3047
945,K8331,凉溪雪深,28.61778,121.3067
946,K8332,三山雪深,28.56139,121.5944
947,K8340,上寺前,28.53889,121.3331
948,K8341,九琅山,28.51472,121.4469
949,K8351,农垦场,28.5167,121.5833
950,K8352,凉溪农气,28.61778,121.3067
951,K8361,峰江辐射,28.55,121.3667
952,K8370,大瀑布,29.19722,121.0033
953,K8371,后岸,29.0814,120.8125
954,K8372,温泉山庄,29.165,121.03861
955,K8373,南屏,29.0539,120.9819
956,K8374,石斛基地,29.1247,120.7931
957,K8400,温岭YJ,28.35,121.3833
958,K8401,石桥头,28.34945,121.4606
959,K8402,黄茅山,28.52972,121.3078
960,K8403,大溪,28.49111,121.2411
961,K8404,松门,28.37111,121.5664
962,K8405,坞根,28.32472,121.2611
963,K8406,横峰,28.4475,121.3258
964,K8407,石塘渔港,28.24639,121.6039
965,K8408,新河,28.47806,121.4594
966,K8409,东海塘,28.42222,121.6081
967,K8410,岙环,28.28611,121.3994
968,K8411,温峤,28.38389,121.3003
969,K8412,箬横,28.39889,121.5228
970,K8413,滨海,28.45056,121.5589
971,K8414,太湖山,28.49917,121.2019
972,K8415,九洞门,28.4125,121.6617
973,K8416,花芯,28.41556,121.4511
974,K8417,方山,28.42056,121.2528
975,K8418,三蒜B,28.22111,121.6356
976,K8419,实践基地,28.32583,121.6189
977,K8420,岭脚村,28.36194,121.2825
978,K8421,山后村,28.32944,121.3311
979,K8422,火车站,28.48222,121.3236
980,K8423,城东,28.41195,121.3767
981,K8424,城北,28.45722,121.3997
982,K8425,三蒜,28.23111,121.6356
983,K8426,粮食功能区,28.41111,121.5644
984,K8427,大溪高速,28.46889,121.2619
985,K8429,泽国,28.48944,121.3794
986,K8430,城西,28.39,121.3681
987,K8431,方山雪深,28.42056,121.2428
988,K8432,仰天湖雪深,28.49917,121.2019
989,K8441,泽国二小,28.49694,121.3361
990,K8442,长屿,28.43611,121.4358
991,K8443,高桥小学,28.48944,121.4331
992,K8444,东浦,28.345,121.4997
993,K8445,北港,28.43167,121.6581
994,K8446,城南小学,28.325,121.4075
995,K8447,温岭南,28.32778,121.4594
996,K8448,隔海岛,28.30389,121.6469
997,K8452,滨海农气,28.48333,121.56667
998,K8453,八一塘农气,28.3,121.2333
999,K8454,松门辐射,28.36667,121.56667
1000,K8455,温岭辐射,28.36667,121.36667
1001,K8456,松建村,28.322077,121.59023
1002,K8460,潘郎小学,28.45389,121.3058
1003,K8461,犁头咀,28.26556,121.4369
1004,K8462,伍佰屿,28.47694,121.6092
1005,K8463,温岭中学,28.37472,121.3969
1006,K8464,滨海中学,28.46833,121.5203
1007,K8465,长屿小学,28.45111,121.4406
1008,K8466,青屿校区,28.36361,121.2439
1009,K8467,毛竹下,28.43833,121.2553
1010,K8468,上洋工业区,28.43278,121.2506
1011,K8469,双溪村,28.45528,121.2419
1012,K8470,翁岙村,28.51611,121.2917
1013,K8471,金路村,28.45861,121.4111
1014,K8472,楼岙村,28.44889,121.4231
1015,K8473,屿头村,28.44667,121.4375
1016,K8474,长屿村,28.44667,121.4456
1017,K8475,下呈村,28.30278,121.2569
1018,K8476,东门村,28.33389,121.2178
1019,K8477,紫荆校区,28.405,121.6108
1020,K8490,犁头咀B,28.26556,121.4369
1021,K8491,方山B,28.42056,121.2428
1022,K8499,石塘,28.26667,121.61667
1023,K8500,玉环YJ,28.1167,121.16667
1024,K8501,清港,28.25694,121.2867
1025,K8502,干江,28.16639,121.3717
1026,K8503,沙门,28.24389,121.3803
1027,K8504,海山,28.21,121.1575
1028,K8505,玉城,28.12556,121.2369
1029,K8506,大鹿岛,28.09222,121.4039
1030,K8507,鲜迭,28.09167,121.2042
1031,K8508,披山B,28.08583,121.52
1032,K8509,海事处,28.08833,121.1528
1033,K8510,花岩浦,28.19611,121.3092
1034,K8511,芦浦,28.19833,121.2414
1035,K8512,楚门,28.21694,121.3014
1036,K8513,鸡山,28.10611,121.36417
1037,K8515,文旦基地,28.27833,121.2453
1038,K8517,大麦屿,28.10306,121.1358
1039,K8518,龙溪樱桃 ,28.22667,121.3333
1040,K8520,漩门二期,28.24806,121.2539
1041,K8521,大雷山,28.31528,121.3458
1042,K8522,分水山,28.195,121.2103
1043,K8526,玉环轮渡,28.1333,121.1333
1044,K8527,雕鹰山,28.11917,121.1981
1045,K8528,乐清二桥,28.2425,121.1392
1046,K8530,吊船湾,28.22222,121.3753
1047,K8531,大雷山雪深,28.31528,121.3458
1048,K8540,花岩浦B,28.19611,121.3092
1049,K8541,干江B,28.16639,121.3717
1050,K8542,文旦基地B,28.27833,121.2453
1051,K8543,漩门二期0,28.24806,121.2539
1052,K8544,大圆头,28.24195,121.4161
1053,K8545,大岩头,28.04667,121.1631
1054,K8546,中鹿岛,28.05694,121.4106
1055,K8547,双龙村,28.1,121.255
1056,K8548,垟岭村,28.18861,121.3475
1057,K8549,江岩,28.17333,121.1492
1058,K8550,黄门,28.07,121.2361
1059,K8556,苔山塘,28.27417,121.2564
1060,K8557,坎门污水,28.10917,121.2956
1061,K8580,吊船湾B,28.22222,121.3753
1062,K8581,大雷山B,28.31528,121.3458
1063,K8582,鸡山B,28.10611,121.36417
1064,K8583,玉城B,28.10556,121.2369
1065,K8584,芦浦B,28.19833,121.2414
1066,K8585,鲜迭B,28.09167,121.2042
1067,K8586,海山B,28.21,121.1575
1068,K8587,披山D,28.08583,121.52
1069,K8588,大鹿岛B,28.09222,121.4039
1070,K8589,乐清二桥B,28.2425,121.1392
1071,K8590,沙门B,28.24389,121.3803
1072,K8591,披山C,28.08583,121.52
1073,K8592,坎门B,28.0575,121.2708
1074,K8593,雕鹰山B,28.11917,121.1981
1075,K8594,中鹿岛B,28.05694,121.4106
1076,K8595,分水山B,28.195,121.2103
1077,K8596,江岩B,28.17333,121.1492
1078,K8597,鸡山B,28.10611,121.36417
1079,K8600,临海YJ,28.9167,121.1167
1080,K8601,杜桥,28.76667,121.4869
1081,K8602,涌泉,28.75694,121.3186
1082,K8603,白水洋,28.89917,120.9047
1083,K8604,东塍,28.92889,121.2622
1084,K8605,河头,29.00056,121.1142
1085,K8606,尤溪,28.7425,121.1011
1086,K8607,汛桥,28.795,121.1706
1087,K8608,牛头山,28.84,121.2647
1088,K8609,小芝,28.85222,121.4519
1089,K8610,南门坑,28.83722,121.6631
1090,K8611,白沙,28.71278,121.6378
1091,K8612,黄家寮,28.74833,120.9744
1092,K8613,外蔡,28.87944,121.3731
1093,K8614,汇溪,28.95778,121.2133
1094,K8615,江南,28.79444,121.1206
1095,K8616,沿江,28.74611,121.2358
1096,K8617,大田,28.90444,121.2022
1097,K8618,永丰,28.87278,121.0231
1098,K8619,羊岩山,28.97889,121.1494
1099,K8620,桃渚镇,28.80861,121.5797
1100,K8621,医化园区,28.69306,121.5456
1101,K8622,两桥村,28.87167,121.0797
1102,K8623,安桥,28.98,120.9153
1103,K8624,里梅,29.01528,120.9958
1104,K8625,大洋,28.93361,121.0011
1105,K8626,岭脚金,28.69,121.0728
1106,K8627,头门,28.69111,121.7594
1107,K8628,白水洋小学,28.91,120.8944
1108,K8629,雀儿岙,28.80972,121.8475
1109,K8630,田岙岛,28.74306,121.8481
1110,K8631,括苍山雪深,28.80972,120.9219
1111,K8632,羊岩山雪深,28.97889,121.1494
1112,K8633,白水洋雪深,28.90055,120.8942
1113,K8634,上白岩雪深,28.72917,120.9675
1114,K8635,安基山雪深,29.00028,120.9667
1115,K8640,上白岩,28.72917,120.9675
1116,K8641,小溪,28.77222,121.1153
1117,K8642,岭上村,28.82444,121.2322
1118,K8643,安基山,29.00028,120.9667
1119,K8644,红树林,28.89333,121.3694
1120,K8645,红树林B,28.89333,121.3694
1121,K8646,南岙村,28.84833,121.3367
1122,K8647,上西辽,29.00528,121.2608
1123,K8648,乌岩岙,28.91028,121.4022
1124,K8649,临港,28.71361,121.5781
1125,K8650,大竹山,28.71583,121.7297
1126,K8651,桥东,28.70917,121.7539
1127,K8652,桥西,28.71806,121.7117
1128,K8653,了不得蜜橘,28.7899,121.2925
1129,K8654,括苍山B,28.78972,120.93333
1130,K8655,里潘村,28.75889,121.5583
1131,K8656,山安,29.00583,121.1697
1132,K8657,城西中学,28.85695,120.9878
1133,K8658,北泽岛,28.89583,121.7594
1134,K8659,北固山,28.865,121.1114
1135,K8660,临海E,28.86667,121.2
1136,K8661,古城,28.85194,121.1328
1137,K8662,白岩茶场,28.95417,121.4064
1138,K8663,沿岸村,28.96722,121.0675
1139,K8664,茶山村,28.87389,121.2828
1140,K8666,大陈F,28.43167,121.9033
1141,K8667,坎门F,28.0575,121.2708
1142,K8668,康谷小学,28.93139,121.3914
1143,K8669,兰田山,28.82195,121.3711
1144,K8670,方溪水库,28.8025,121.0
1145,K8671,岙陈,28.89,121.2947
1146,K8672,桐坑,28.90083,121.3364
1147,K8673,洞港,28.85278,121.6708
1148,K8674,临海西,28.86972,121.0464
1149,K8675,括苍枢纽,28.87,120.9656
1150,K8676,景山村,28.82611,120.9667
1151,K8677,大泛村,29.02639,120.9786
1152,K8678,满塘村,28.9325,121.095
1153,K8679,丁公园村,29.00583,120.9836
1154,K8680,尚山村,28.78111,120.9522
1155,K8681,白沙B,28.71278,121.6378
1156,K8682,岭根村,28.95472,121.3808
1157,K8683,溪口水库,28.78583,121.4106
1158,K8684,大岙西,28.95833,120.9269
1159,K8685,石门村,28.96167,121.1519
1160,K8686,山里村,28.95306,121.1308
1161,K8687,岭上蒋,29.04,121.1208
1162,K8688,江根村,28.99639,121.2142
1163,K8689,留山村,28.98583,121.205
1164,K8690,龙泉村,28.95639,120.8956
1165,K8691,许墅村,28.88639,121.0811
1166,K8692,溪王村,28.995,121.1936
1167,K8693,黄支罗,29.02222,121.1889
1168,K8694,大塘村,29.02194,121.2131
1169,K8695,王加山,28.69889,121.0931
1170,K8696,竹家山,28.71806,121.0581
1171,K8697,长加山,28.74667,121.0439
1172,K8700,天台YJ,29.1167,120.9667
1173,K8701,白鹤,29.26778,120.9864
1174,K8702,街头,29.12583,120.7947
1175,K8703,华顶,29.25833,121.0914
1176,K8704,亭头,29.09056,121.1014
1177,K8705,龙溪,29.05167,120.7939
1178,K8706,南屏,29.07055,121.0
1179,K8707,田芯,29.05917,120.7022
1180,K8708,下王,29.14472,120.8625
1181,K8709,紫凝山,29.09945,120.8569
1182,K8710,下屋村0,29.19722,120.8017
1183,K8711,泳溪,29.17194,121.2222
1184,K8712,坦头,29.11111,121.1156
1185,K8713,龙皇堂,29.24306,121.0519
1186,K8714,洪畴,29.06778,121.1947
1187,K8715,雷峰,29.08805,120.8956
1188,K8716,滩岭,29.06944,121.0575
1189,K8717,飞鹤,29.135,121.0372
1190,K8718,左溪V,29.28833,120.9108
1191,K8719,西方洋,29.12,121.1022
1192,K8720,屯桥,29.20111,120.8997
1193,K8721,桐柏,29.20694,121.0164
1194,K8722,大雷山,29.02028,120.8761
1195,K8723,柱峰,29.02306,120.77
1196,K8724,职业中专,29.13806,121.0067
1197,K8725,三合,29.08805,121.1758
1198,K8726,里石门,29.07278,120.7303
1199,K8727,苍山顶,29.15139,121.1528
1200,K8728,慈圣,29.31056,121.0619
1201,K8729,黄龙水库,29.22417,121.14
1202,K8730,天柱林场,28.97583,120.8189
1203,K8731,三州雪深,29.21722,120.8017
1204,K8732,龙皇堂雪深,29.24306,121.0519
1205,K8733,泳溪雪深,29.17194,121.2222
1206,K8734,街头雪深,29.12444,120.7933
1207,K8735,柱峰雪深,29.02306,120.77
1208,K8736,左溪雪深,29.28833,120.9108
1209,K8737,华顶雪深,29.25833,121.0914
1210,K8738,苍山顶雪深,29.15139,121.1528
1211,K8740,溪地,29.07139,120.8411
1212,K8741,岭下洋,29.20361,120.9628
1213,K8742,龙溪0,29.09,120.8
1214,K8743,泳溪0,29.15,121.21667
1215,K8745,紫凝山0,29.12,120.86667
1216,K8746,三州,29.22639,120.8475
1217,K8747,下陈胡,29.115,121.1244
1218,K8748,后岸,29.07861,120.8139
1219,K8749,飞鹤山,29.15195,121.0433
1220,K8750,茶坑,29.08222,120.7117
1221,K8751,街头农气,29.1333,120.8
1222,K8752,三州农气,29.23333,120.85
1223,K8759,新城,29.13389,120.98
1224,K8760,始丰小学,29.14778,120.99
1225,K8761,万年寺,29.27333,121.0083
1226,K8762,下洋村,29.30833,121.1458
1227,K8763,寒风缺,29.22806,121.05
1228,K8764,曹一村,29.13556,120.885
1229,K8765,北山村,29.15611,121.1786
1230,K8766,东安隐,29.09972,121.2333
1231,K8767,大横金,29.10306,121.165
1232,K8768,九遮山,29.025,120.8392
1233,K8769,龙潭村,29.10667,120.9492
1234,K8770,左溪,29.28889,120.915
1235,K8771,溪地A,29.05139,120.8411
1236,K8772,大同寺,29.29333,121.1458
1237,K8773,欢岙,29.18444,121.1128
1238,K8774,下屋村,29.21722,120.8017
1239,K8780,灵溪村,29.06417,121.1475
1240,K8781,坪东村,29.08167,121.2158
1241,K8782,白鹤小学,29.23528,120.9428
1242,K8783,现代农业园,29.15333,120.8561
1243,K8784,西山头,29.05528,120.8917
1244,K8785,翠西村,29.07028,120.9281
1245,K8786,下辽坑,29.00028,120.7953
1246,K8787,岭里村,29.0025,120.8183
1247,K8788,兰田,29.13417,121.2089
1248,K8789,周家楼,29.155,120.7336
1249,K8790,济溪,29.05389,120.8553
1250,K8800,三门YJ,29.1167,121.3667
1251,K8801,亭旁,29.04361,121.3403
1252,K8802,三角塘,28.93806,121.7144
1253,K8803,蛇蟠,29.16195,121.5706
1254,K8804,牛山,29.01361,121.7067
1255,K8805,横渡,29.01167,121.5094
1256,K8806,百两岗,28.98389,121.3986
1257,K8807,高枧,29.05,121.2208
1258,K8808,山场村,28.8675,121.5128
1259,K8809,花桥,28.92083,121.4714
1260,K8810,健跳,29.01389,121.6083
1261,K8811,浬浦,28.97111,121.5808
1262,K8812,叶家村,29.0675,121.4881
1263,K8813,鹤井村,28.87583,121.6383
1264,K8814,珠岙,29.07444,121.2789
1265,K8815,沙柳,29.15222,121.4575
1266,K8816,农业园,29.10389,121.6006
1267,K8817,悬诸,29.07528,121.405
1268,K8818,佃石,29.0025,121.3147
1269,K8819,板樟山,29.15861,121.3514
1270,K8820,滨海新城,29.12361,121.48
1271,K8821,浦坝港,28.92694,121.5833
1272,K8822,下南山,29.15083,121.3683
1273,K8823,农气基地,29.10861,121.5767
1274,K8824,东屏村,29.00889,121.4683
1275,K8825,龙山,29.06667,121.6792
1276,K8826,扩塘山,28.89111,121.6617
1277,K8827,扩塘山B,28.89111,121.6617
1278,K8828,枧头村,29.02444,121.3881
1279,K8829,吴岙,29.05445,121.2419
1280,K8830,蛇蟠旅游,29.16195,121.5706
1281,K8831,百两岗雪深,28.98389,121.3986
1282,K8832,高枧雪深,29.05,121.2208
1283,K8833,枧头雪深,29.02444,121.3881
1284,K8840,林场,29.04917,121.4242
1285,K8841,三门湾,29.11806,121.5811
1286,K8843,毛石源,28.89611,121.5806
1287,K8844,工业城,28.91778,121.6681
1288,K8845,海游港,29.105,121.5181
1289,K8846,罗岙水库,29.05445,121.5444
1290,K8847,西城,29.12056,121.3617
1291,K8848,小岭下,28.94417,121.6722
1292,K8849,后周,29.15778,121.4103
1293,K8850,后郭,29.08805,121.3217
1294,K8851,健跳棚内,29.1167,121.5833
1295,K8852,永丰棚内,29.1,121.5833
1296,K8853,农试辐射站,29.11667,121.5833
1297,K8855,三门辐射,29.11667,121.38333
1298,K8860,三门岛,28.96472,121.7919
1299,K8861,三门岛B　,28.96472,121.7919
1300,K8862,五子岛,29.00556,121.7608
1301,K8863,五子岛B,29.00556,121.7608
1302,K8865,野人洞,29.1389,121.5722
1303,K8866,石门坑,29.005,121.3572
1304,K8867,下吴村,29.01889,121.3144
1305,K8868,银山村,28.93361,121.4381
1306,K8869,外俞村,29.08639,121.3936
1307,K8870,善见村,28.99195,121.4514
1308,K8871,樟树下,29.05305,121.2931
1309,K8872,五峙山,28.91111,121.7244
1310,K8873,五峙山B,28.91111,121.7244
1311,K8874,竹墩村,29.02417,121.2556
1312,K8875,邵下村,29.06944,121.3683
1313,K8876,王家村,29.13139,121.4242
1314,K8877,珠港村,29.07028,121.6053
1315,K8878,芝岙村,28.92694,121.5261
1316,K8879,长林村,29.01417,121.4353
1317,K8880,里陈坑,28.97528,121.6486
1318,K8881,大岙山,29.08055,121.4425
1319,K8900,仙居YJ,28.8167,120.7333
1320,K8901,白塔,28.72556,120.5786
1321,K8902,横溪,28.72889,120.4772
1322,K8903,朱溪,28.71806,120.7936
1323,K8904,广度,28.94639,120.7519
1324,K8905,六亩田,28.62139,120.7147
1325,K8906,双庙,28.78889,120.8575
1326,K8907,大陈村,28.85028,120.5117
1327,K8908,柯思,28.66389,120.6708
1328,K8909,溪心,28.895,120.6228
1329,K8910,雅溪,28.69833,120.3353
1330,K8911,淡竹,28.67194,120.5706
1331,K8912,溪港,28.57361,120.3961
1332,K8913,溪口,28.645,120.4797
1333,K8914,苗辽,28.61611,120.7961
1334,K8915,步路,28.77722,120.7242
1335,K8916,安岭,28.56083,120.3333
1336,K8917,下各,28.83972,120.8778
1337,K8918,皤滩,28.72583,120.5208
1338,K8919,对山,28.76056,120.775
1339,K8920,山岙,28.77944,120.4283
1340,K8921,蓄能站,28.63111,120.4019
1341,K8922,工业园区,28.87944,120.8328
1342,K8923,俞坑,28.54944,120.5878
1343,K8924,谷坦,28.87833,120.6025
1344,K8925,南峰,28.825,120.7467
1345,K8926,湫山,28.69833,120.4433
1346,K8927,四小,28.87278,120.7306
1347,K8928,永狮,28.81194,120.6328
1348,K8929,茶溪,28.775,120.5811
1349,K8930,台创园,28.81667,120.63333
1350,K8931,大陈村雪深,28.85028,120.5117
1351,K8932,山岙雪深,28.77944,120.4283
1352,K8933,横溪雪深,28.73333,120.4833
1353,K8934,朱溪雪深,28.71806,120.7936
1354,K8935,神仙居雪深,28.66667,120.6031
1355,K8936,青尖山雪深,28.91639,120.7275
1356,K8941,淡竹0,28.65,120.5667
1357,K8942,朱坑里,28.60417,120.6542
1358,K8943,吴山后,28.59222,120.5281
1359,K8944,神仙居,28.6775,120.6053
1360,K8945,青尖山,28.91639,120.7275
1361,K8946,公盂,28.63917,120.6425
1362,K8947,垟庄,28.78306,120.5061
1363,K8948,上蓄能,28.64528,120.4169
1364,K8949,天顶茶场,28.63583,120.8078
1365,K8950,西陆,28.82278,120.8483
1366,K8951,苍岭西,28.76278,120.3233
1367,K8952,西炉村,28.79694,120.6969
1368,K8970,芭蕉坑,28.65944,120.3575
1369,K8971,银地村,28.81333,120.475
1370,K8972,牛脚村,28.62861,120.4378
1371,K8973,船山村,28.81833,120.7011
1372,K8974,苍岭东,28.75222,120.4072
1373,K8975,路口,28.89278,120.6878
1374,K8976,景星岩,28.7125,120.6536
1375,K8977,厚仁村,28.77695,120.6022
1376,K8978,双峰隧道南,28.87139,120.4986
1377,K8979,括苍隧道北,28.63417,120.6733
1378,K8980,神仙居,28.67945,120.6036
1379,K8981,三角地,28.9275,120.7975
1380,K8982,金竹寺,28.64278,120.8931
1381,K8983,过朗,28.82222,120.8103
1382,K8984,祝家辽,28.96445,120.6733
1383,K8985,下岸水库,28.60528,120.4003
1384,K8986,山皇塘,28.80445,120.545
1385,K8987,金坑口,28.66444,120.5092
1386,K8988,白岭脚,28.84361,120.6486
1387,K9008,壶镇,28.816666666666666,120.23333333333333
1388,K9010,仁庄,28.016666666666666,120.21666666666667
1389,K9017,小舟山,28.216666666666665,120.38333333333334
1390,K9018,高湖,28.333333333333332,120.21666666666667
1391,K9020,前村,28.5,120.26666666666667
1392,K9026,白水山,28.683333333333334,120.21666666666667
1393,K9027,大丰村,28.566666666666666,120.26666666666667
1394,K9031,严鸟,28.516666666666666,120.11666666666666
1395,K9043,仁岸村,28.633333333333333,120.15
1396,K9044,前路村,28.766666666666666,120.26666666666667
1397,K9048,岩背村,28.8,120.3733
1398,K9069,黄垟,28.3,120.35
1399,K9071,方山,28.016666666666666,120.31666666666666
1400,K9072,双垟,28.066666666666666,120.13333333333334
1401,K9073,溶江,28.65,120.23333333333333
1402,K9074,东方,28.75,120.15
1403,K9085,三溪,28.716666666666665,120.3
1404,K9086,贵岙,28.166666666666668,120.35
1405,K9087,汤垟,28.0,120.21666666666667
1406,K9088,山口,28.083333333333332,120.28333333333333
1407,K9089,东源,28.316666666666666,120.23333333333333
1408,K9100,白竹,28.916666666666668,120.28333333333333
1409,K9101,雁岭,28.833333333333332,120.35
1410,K9103,大源,28.616666666666667,120.33333333333333
1411,K9104,大洋山,28.466666666666665,120.28333333333333
1412,K9135,漕头村,28.533333333333335,120.18333333333334
1413,K9136,金竹村,28.833333333333332,120.3
1414,K9138,横塘岸,28.733333333333334,120.21666666666667
1415,K9139,木栗村,28.45,120.33333333333333
1416,K9143,仁宫,28.183333333333334,120.18333333333334
1417,K9146,船寮,28.266666666666666,120.2
1418,K9148,石溪,28.216666666666665,120.28333333333333
1419,K9149,油竹,28.116666666666667,120.31666666666666
1420,K9156,仁塘湾,28.166666666666668,120.3
1421,K9157,冯垟村,28.066666666666666,120.26666666666667
1422,K9158,桃山村,28.316666666666666,120.3
1423,K9159,大奕村,28.133333333333333,120.16666666666667
1424,K9200,胡源,28.583333333333332,120.23333333333333
1425,K9201,大集,28.75,120.31666666666666
1426,K9202,东渡,28.6,120.11666666666666
1427,K9203,舒洪,28.683333333333334,120.16666666666667
1428,K9204,方溪,28.55,120.13333333333334
1429,K9205,仙都,28.7,120.11666666666666
1430,K9206,石笕,28.483333333333334,120.15
1431,K9208,双溪口,28.633333333333333,120.26666666666667
1432,K9230,季宅,28.416666666666668,120.2
1433,K9233,万山,28.333333333333332,120.3
1434,K9234,温溪,28.133333333333333,120.36666666666666
1435,K9237,吴坑,28.25,120.4
1436,K9238,章旦,28.133333333333333,120.26666666666667
1437,K9239,阜山,28.066666666666666,120.18333333333334
1438,K9297,大洋山,28.483333333333334,120.28333333333333
1439,K9317,戈溪,28.266666666666666,120.15
1440,K9318,钓滩,28.133333333333333,120.11666666666666
1441,K9319,叶山,28.183333333333334,120.26666666666667
1442,K9352,瓯南,28.133333333333333,120.28333333333333
1443,K9380,黄茶,28.7,120.3067
1444,K9390,金竹村,28.833333333333332,120.3
1445,K9407,青田,28.15,120.28333333333333
1446,KB001,杜岙村,29.32,121.52
1447,KB002,岙里王村,29.39,121.68
1448,KB003,岔路村,29.36,121.68
1449,KB004,国叶村,29.37,121.7
1450,KB005,滕达村,29.33,121.71
1451,KB006,澄深村,29.32,121.21
1452,KB007,里塘村,29.29,121.22
1453,KB008,力洋孔村,29.34,121.62
1454,KB009,路下施村,29.34,121.64
1455,KB010,刘三村,29.4,121.39
1456,KB011,梅湖村,29.38,121.42
1457,KB012,伍富村,29.39,121.46
1458,KB013,西吕村,29.38,121.5
1459,KB014,木坑村,29.15,121.27
1460,KB015,桑梅村,29.16,121.33
1461,KB016,下洋周村,29.17,121.35
1462,KB017,大洋村,29.39,121.25
1463,KB018,大里村,29.42,121.32
1464,KB019,上湖村,29.4,121.3
1465,KB020,溪滨村,29.44,121.3
1466,KB021,盘屿村,29.28,121.53
1467,KB022,湘田山村,29.26,121.67
1468,KB105,沙地,29.25,121.88
1469,KB106,田洋湖,29.27,121.88
1470,KB108,南堡,29.39,121.86
1471,KB109,大百丈,29.15,121.95
1472,KB110,大南田,29.1,121.94
1473,KB111,凤凰山,29.09,121.93
1474,KB112,螺蛳礁,29.13,121.91
1475,KB113,文山前,29.15,121.93
1476,KB116,屠家园,29.43,121.81
1477,KB117,小白岩,29.41,121.83
1478,KB118,方家岙,29.46,121.78
1479,KB119,镜架山,29.26,121.91
1480,KB120,五新,29.23,121.94
1481,KB121,上马岙,29.32,121.76
1482,KB122,上峙后,29.35,121.75
1483,KB123,泗联,29.36,121.74
1484,KB124,苏岙,29.29,121.77
1485,KB125,杨大场,29.4,121.74
1486,KB126,峙前,29.34,121.77
1487,KB128,官山,29.46,121.65
1488,KB130,山后胡,29.42,121.71
1489,KB132,高湾,29.3,121.9
