,Cnty,Province,Town,Station_levl,Station_Name,City,Station_Id_C,Lat,Lon,Alti,PRE,value
0,玉环市,浙江省,坎门街道,12,玉环,台州市,58667,28.0775,121.2708,95.9,0.9,0.9
1,玉环市,浙江省,玉城街道,14,西滩,台州市,K8561,28.1667,121.1903,3.0,12.9,12.9
2,玉环市,浙江省,大麦屿街道,14,大麦屿,台州市,K8517,28.1031,121.1358,18.0,4.8,4.8
3,玉环市,浙江省,大麦屿街道,14,鲜迭,台州市,K8507,28.0917,121.2042,280.0,16.0,16.0
4,玉环市,浙江省,玉城街道,14,江岩村,台州市,K8549,28.1733,121.1492,136.0,38.1,38.1
5,玉环市,浙江省,玉城街道,14,玉城,台州市,K8505,28.1256,121.2369,6.0,25.3,25.3
6,玉环市,浙江省,坎门街道,14,坎门污水,台州市,K8557,28.1092,121.2956,5.0,4.0,4.0
7,玉环市,浙江省,清港镇,14,苔山塘,台州市,K8556,28.2742,121.2564,13.0,20.0,20.0
8,玉环市,浙江省,大麦屿街道,14,环海,台州市,K8559,28.06,121.1528,5.0,16.0,16.0
9,玉环市,浙江省,海山乡,14,海山,台州市,K8504,28.21,121.1575,2.0,67.2,67.2
10,玉环市,浙江省,干江镇,14,垟岭村,台州市,K8548,28.1886,121.3475,158.0,40.2,40.2
11,玉环市,浙江省,龙溪乡,14,龙溪樱桃,台州市,K8518,28.2089,121.3289,26.0,83.8,83.8
12,玉环市,浙江省,坎门街道,14,双龙村,台州市,K8547,28.1,121.255,58.0,3.4,3.4
13,玉环市,浙江省,玉城街道,14,城中村,台州市,K8560,28.1625,121.2331,4.0,13.6,13.6
14,玉环市,浙江省,楚门镇,14,楚门,台州市,K8512,28.2169,121.3014,25.0,62.3,62.3
15,玉环市,浙江省,芦浦镇,14,芦浦,台州市,K8511,28.1983,121.2414,98.0,6.7,6.7
16,玉环市,浙江省,清港镇,14,清港,台州市,K8501,28.2569,121.2867,18.0,87.4,87.4
17,玉环市,浙江省,鸡山乡,14,中鹿岛,台州市,K8546,28.0569,121.4106,90.0,2.8,2.8
18,玉环市,浙江省,经济开发区,14,新城绿道,台州市,K8563,28.2211,121.2411,2.0,14.8,14.8
19,玉环市,浙江省,大麦屿街道,14,大岩头,台州市,K8545,28.0467,121.1631,236.0,11.8,11.8
20,玉环市,浙江省,清港镇,14,垟根村,台州市,K8558,28.2631,121.3233,7.0,66.3,66.3
21,玉环市,浙江省,沙门镇,14,大圆头,台州市,K8544,28.2419,121.4161,140.0,8.1,8.1
22,玉环市,浙江省,鸡山乡,14,大鹿岛,台州市,K8506,28.0922,121.4039,30.0,1.4,1.4
23,玉环市,浙江省,芦浦镇,14,分水山,台州市,K8522,28.195,121.2103,4.0,24.8,24.8
24,玉环市,浙江省,干江镇,14,栈台渔港,台州市,K8566,28.1408,121.3567,48.0,2.2,2.2
25,玉环市,浙江省,坎门街道,14,黄门,台州市,K8550,28.07,121.2361,169.0,7.3,7.3
26,玉环市,浙江省,经济开发区,14,冲旦屿,台州市,K8562,28.1422,121.3258,5.0,33.7,33.7
27,玉环市,浙江省,沙门镇,14,灵门渔港,台州市,K8565,28.2322,121.4056,32.0,3.1,3.1
28,玉环市,浙江省,沙门镇,14,沙门,台州市,K8503,28.2439,121.3803,18.0,6.6,6.6
29,玉环市,浙江省,大麦屿街道,14,雕鹰山,台州市,K8527,28.1192,121.1981,238.0,13.3,13.3
30,玉环市,浙江省,鸡山乡,14,鸡山,台州市,K8513,28.1061,121.3642,59.0,4.9,4.9
31,玉环市,浙江省,龙溪乡,14,花岩浦,台州市,K8510,28.1961,121.3092,48.0,91.7,91.7
32,玉环市,浙江省,干江镇,14,干江,台州市,K8502,28.1664,121.3717,145.0,15.3,15.3
33,玉环市,浙江省,坎门街道,14,灯塔社区,台州市,K8564,28.0864,121.2892,26.0,2.3,2.3
34,玉环市,浙江省,沙门镇,14,吊船湾,台州市,K8530,28.2222,121.3753,3.0,31.8,31.8
35,玉环市,浙江省,清港镇,14,大雷山,台州市,K8521,28.3153,121.3458,332.0,3.8,3.8
36,温岭市,浙江省,城东街道,14,城东,台州市,K8423,28.4119,121.3767,5.0,8.0,8.0
37,温岭市,浙江省,新河镇,14,长屿村,台州市,K8474,28.4467,121.4456,26.0,15.5,15.5
38,温岭市,浙江省,城南镇,14,岙环,台州市,K8410,28.2861,121.3994,32.0,10.8,10.8
39,温岭市,浙江省,温峤镇,14,前洋下,台州市,K8482,28.3922,121.3036,5.0,23.6,23.6
40,温岭市,浙江省,新河镇,14,新河,台州市,K8408,28.4781,121.4594,7.0,33.9,33.9
41,温岭市,浙江省,滨海镇,14,滨海中学,台州市,K8464,28.4683,121.5203,10.0,2.4,2.4
42,温岭市,浙江省,泽国镇,14,泽国二小,台州市,K8441,28.4969,121.3361,5.0,40.1,40.1
43,温岭市,浙江省,新河镇,14,楼岙村,台州市,K8472,28.4489,121.4231,23.0,3.1,3.1
44,温岭市,浙江省,温峤镇,14,青屿校区,台州市,K8466,28.3636,121.2439,30.0,20.5,20.5
45,温岭市,浙江省,太平街道,14,温岭中学,台州市,K8463,28.3747,121.3969,6.0,30.4,30.4
46,温岭市,浙江省,泽国镇,14,黄茅山,台州市,K8402,28.5297,121.3078,210.0,8.1,8.1
47,温岭市,浙江省,箬横镇,14,花芯,台州市,K8416,28.4156,121.4511,185.0,10.8,10.8
48,温岭市,浙江省,坞根镇,14,下呈村,台州市,K8475,28.3028,121.2569,35.0,58.1,58.1
49,温岭市,浙江省,温峤镇,14,张老桥,台州市,K8483,28.3972,121.2997,5.0,29.5,29.5
50,温岭市,浙江省,新河镇,14,金路村,台州市,K8471,28.4586,121.4111,22.0,7.2,7.2
51,温岭市,浙江省,温峤镇,14,岭脚村,台州市,K8420,28.3619,121.2825,46.0,36.5,36.5
52,温岭市,浙江省,城南镇,14,后岭村,台州市,K8480,28.2731,121.3789,27.0,4.3,4.3
53,温岭市,浙江省,石塘镇,14,隔海岛,台州市,K8448,28.3039,121.6469,20.0,2.6,2.6
54,温岭市,浙江省,松门镇,14,九洞门,台州市,K8415,28.4125,121.6617,55.0,0.1,0.1
55,温岭市,浙江省,横峰街道,14,横屿山,台州市,K8449,28.4331,121.3353,48.0,6.2,6.2
56,温岭市,浙江省,新河镇,14,长屿小学,台州市,K8465,28.4511,121.4406,6.0,25.6,25.6
57,温岭市,浙江省,松门镇,14,礁山渔港,台州市,K8486,28.3647,121.6156,8.0,2.0,2.0
58,温岭市,浙江省,大溪镇,14,毛竹下,台州市,K8467,28.4383,121.2553,41.0,35.7,35.7
59,温岭市,浙江省,大溪镇,14,翁岙村,台州市,K8470,28.5161,121.2917,37.0,0.4,0.4
60,温岭市,浙江省,新河镇,14,高桥小学,台州市,K8443,28.4894,121.4331,10.0,47.1,47.1
61,温岭市,浙江省,温峤镇,14,市温峤,台州市,K8411,28.3839,121.3003,27.0,20.7,20.7
62,温岭市,浙江省,大溪镇,14,双溪村,台州市,K8469,28.4553,121.2419,25.0,17.4,17.4
63,温岭市,浙江省,温峤镇,14,陈家宅,台州市,K8485,28.3892,121.2886,10.0,24.4,24.4
64,温岭市,浙江省,石塘镇,14,三蒜,台州市,K8425,28.2311,121.6356,95.0,0.1,0.1
65,温岭市,浙江省,大溪镇,14,上洋工业区,台州市,K8468,28.4328,121.2506,42.0,13.1,13.1
66,温岭市,浙江省,箬横镇,14,粮食功能区,台州市,K8426,28.4111,121.5644,6.0,8.1,8.1
67,温岭市,浙江省,城北街道,14,城北,台州市,K8424,28.4572,121.3997,34.0,11.1,11.1
68,温岭市,浙江省,大溪镇,14,大溪高速,台州市,K8427,28.4689,121.2619,5.0,6.2,6.2
69,温岭市,浙江省,温峤镇,14,焦桐村,台州市,K8484,28.3958,121.2944,5.0,33.3,33.3
70,温岭市,浙江省,滨海镇,14,伍佰屿,台州市,K8462,28.4769,121.6092,5.0,2.2,2.2
71,温岭市,浙江省,大溪镇,14,方山,台州市,K8417,28.4206,121.2428,464.0,25.0,25.0
72,温岭市,浙江省,滨海镇,16,滨海,台州市,K8413,28.4506,121.5589,5.0,6.3,6.3
73,温岭市,浙江省,新河镇,14,屿头村,台州市,K8473,28.4467,121.4375,25.0,9.1,9.1
74,温岭市,浙江省,石桥头镇,14,石桥头,台州市,K8401,28.3494,121.4606,8.6,26.7,26.7
75,温岭市,浙江省,箬横镇,14,箬横,台州市,K8412,28.3989,121.5228,5.0,27.2,27.2
76,温岭市,浙江省,泽国镇,14,泽国,台州市,K8429,28.4894,121.3794,10.0,29.9,29.9
77,温岭市,浙江省,松门镇,14,大交陈,台州市,K8481,28.3344,121.6244,3.0,14.1,14.1
78,温岭市,浙江省,新河镇,14,长屿,台州市,K8442,28.4361,121.4358,30.0,2.4,2.4
79,温岭市,浙江省,箬横镇,14,紫荆校区,台州市,K8477,28.405,121.6108,3.0,1.7,1.7
80,温岭市,浙江省,大溪镇,14,火车站,台州市,K8422,28.4822,121.3236,9.0,12.9,12.9
81,温岭市,浙江省,横峰街道,14,横峰,台州市,K8406,28.4475,121.3258,5.0,11.7,11.7
82,温岭市,浙江省,松门镇,14,松门,台州市,K8404,28.3711,121.5664,2.0,46.4,46.4
83,温岭市,浙江省,坞根镇,14,坞根,台州市,K8405,28.3247,121.2611,5.6,17.5,17.5
84,温岭市,浙江省,城南镇,14,犁头咀,台州市,K8461,28.2656,121.4369,30.0,7.4,7.4
85,温岭市,浙江省,箬横镇,14,东浦,台州市,K8444,28.345,121.4997,10.0,7.1,7.1
86,温岭市,浙江省,城南镇,14,彭下村,台州市,K8478,28.3039,121.3833,10.0,7.8,7.8
87,温岭市,浙江省,城西街道,14,城西,台州市,K8430,28.39,121.3681,24.0,12.7,12.7
88,温岭市,浙江省,城南镇,14,温岭南,台州市,K8447,28.3278,121.4594,10.0,25.6,25.6
89,温岭市,浙江省,箬横镇,14,东海塘,台州市,K8409,28.4222,121.6081,7.0,0.9,0.9
90,温岭市,浙江省,石塘镇,14,石塘渔港,台州市,K8407,28.2464,121.6039,25.0,0.2,0.2
91,温岭市,浙江省,坞根镇,14,东门村,台州市,K8476,28.3339,121.2178,18.0,7.0,7.0
92,温岭市,浙江省,城南镇,14,城南小学,台州市,K8446,28.325,121.4075,30.0,37.7,37.7
93,温岭市,浙江省,城南镇,14,上岙村,台州市,K8479,28.2722,121.3767,22.0,4.3,4.3
94,温岭市,浙江省,城南镇,14,山后村,台州市,K8421,28.3194,121.3311,46.0,6.3,6.3
95,温岭市,浙江省,大溪镇,14,太湖山,台州市,K8414,28.4992,121.2019,407.0,0.1,0.1
96,温岭市,浙江省,太平街道,12,温岭,台州市,58664,28.3728,121.3589,35.0,4.1,4.1
97,温岭市,浙江省,石塘镇,13,石塘,台州市,58669,28.2603,121.6164,75.0,0.5,0.5
98,温岭市,浙江省,松门镇,14,实践基地,台州市,K8419,28.3258,121.6189,9.0,19.6,19.6
99,温岭市,浙江省,大溪镇,14,潘郎小学,台州市,K8460,28.4539,121.3058,10.0,19.2,19.2
100,椒江区,浙江省,大陈镇,14,一江山,台州市,K8116,28.6086,121.8156,50.0,0.8,0.8
101,椒江区,浙江省,前所街道,14,二桥,台州市,K8111,28.6944,121.4744,30.0,0.7,0.7
102,椒江区,浙江省,海门街道,13,椒江口,台州市,58661,28.6625,121.5108,3.0,0.1,0.1
103,椒江区,浙江省,章安街道,14,柑橘良种场,台州市,K8121,28.7361,121.3692,150.0,6.2,6.2
104,椒江区,浙江省,葭沚街道,14,台州植物园,台州市,K8137,28.6331,121.3572,10.0,40.0,40.0
105,椒江区,浙江省,海门街道,14,东方红,台州市,K8101,28.6781,121.4467,21.0,0.9,0.9
106,椒江区,浙江省,洪家街道,12,洪家,台州市,58665,28.6181,121.4164,4.6,5.7,5.7
107,椒江区,浙江省,前所街道,14,新民小学,台州市,K8191,28.7058,121.4144,6.0,1.5,1.5
108,椒江区,浙江省,葭沚街道,14,乌石,台州市,K8118,28.6833,121.375,5.0,12.1,12.1
109,椒江区,浙江省,章安街道,14,柏树里,台州市,K8108,28.7303,121.4508,6.0,4.7,4.7
110,椒江区,浙江省,洪家街道,14,洪家二中,台州市,K8124,28.6097,121.4144,5.0,5.5,5.5
111,椒江区,浙江省,章安街道,14,李宅,台州市,K8128,28.76,121.3928,45.0,1.5,1.5
112,椒江区,浙江省,三甲街道,14,雷达站,台州市,K8114,28.6186,121.5228,3.0,0.1,0.1
113,椒江区,浙江省,海门街道,14,岳头村,台州市,K8112,28.6642,121.4556,5.0,0.4,0.4
114,椒江区,浙江省,葭沚街道,14,高铁台州站,台州市,K8136,28.6575,121.3764,5.0,19.4,19.4
115,椒江区,浙江省,章安街道,14,马峙,台州市,K8104,28.7539,121.4047,21.0,1.5,1.5
116,椒江区,浙江省,三甲街道,14,烟草中心,台州市,K8122,28.59,121.5361,3.0,1.7,1.7
117,椒江区,浙江省,下陈街道,14,下陈,台州市,K8107,28.5931,121.4592,4.0,0.6,0.6
118,椒江区,浙江省,三甲街道,14,新佳果,台州市,K8109,28.6194,121.5092,3.0,0.3,0.3
119,椒江区,浙江省,白云街道,14,赤龙,台州市,K8001,28.6547,121.4189,27.0,3.7,3.7
120,椒江区,浙江省,洪家街道,14,挡港桥,台州市,K8115,28.5903,121.3997,11.0,11.7,11.7
121,椒江区,浙江省,章安街道,14,大桥,台州市,K8106,28.7081,121.3967,5.0,3.7,3.7
122,椒江区,浙江省,葭沚街道,14,创谷基金港,台州市,K8138,28.6289,121.3872,5.0,24.6,24.6
123,椒江区,浙江省,前所街道,14,六联小学,台州市,K8129,28.7178,121.4994,6.0,0.7,0.7
124,椒江区,浙江省,前所街道,14,涛江闸,台州市,K8103,28.6967,121.4897,13.0,0.5,0.5
125,椒江区,浙江省,葭沚街道,14,绿心,台州市,K8003,28.6389,121.3522,205.0,55.0,55.0
126,椒江区,浙江省,白云街道,14,江滨公园,台州市,K8141,28.6856,121.4328,5.0,1.5,1.5
127,椒江区,浙江省,章安街道,14,江北药业,台州市,K8127,28.7061,121.3672,5.0,16.4,16.4
128,椒江区,浙江省,下陈街道,14,海正育才小学,台州市,K8130,28.6131,121.4469,11.0,3.8,3.8
129,椒江区,浙江省,下陈街道,14,横河陈,台州市,K8135,28.6239,121.4308,4.0,13.5,13.5
130,三门县,浙江省,浦坝港镇,14,小岭下,台州市,K8848,28.9442,121.6722,5.0,3.0,3.0
131,三门县,浙江省,浦坝港镇,14,念寺塘,台州市,K8885,28.8567,121.5758,13.0,8.0,8.0
132,三门县,浙江省,横渡镇,14,善见村,台州市,K8870,28.9919,121.4514,60.0,30.8,30.8
133,三门县,浙江省,花桥镇,14,花桥,台州市,K8809,28.9208,121.4714,21.0,0.9,0.9
134,三门县,浙江省,海游街道,12,三门,台州市,58568,29.1228,121.3833,34.5,9.8,9.8
135,三门县,浙江省,花桥镇,14,吴都,台州市,K8882,28.9053,121.5181,3.0,8.3,8.3
136,三门县,浙江省,浦坝港镇,14,鹤井村,台州市,K8813,28.8758,121.6383,53.0,9.3,9.3
137,三门县,浙江省,浦坝港镇,14,毛石源,台州市,K8843,28.8961,121.5806,17.0,0.1,0.1
138,三门县,浙江省,浦坝港镇,14,三角塘,台州市,K8802,28.9381,121.7144,25.0,1.3,1.3
139,三门县,浙江省,海润街道,14,滨海新城,台州市,K8820,29.1236,121.48,14.0,1.7,1.7
140,三门县,浙江省,花桥镇,14,银山村,台州市,K8868,28.9336,121.4381,290.0,4.6,4.6
141,三门县,浙江省,浦坝港镇,14,扩塘山,台州市,K8826,28.8911,121.6617,43.0,0.2,0.2
142,三门县,浙江省,沙柳街道,14,后周,台州市,K8849,29.1578,121.4103,130.0,18.9,18.9
143,三门县,浙江省,亭旁镇,14,下吴村,台州市,K8867,29.0189,121.3144,58.0,5.8,5.8
144,三门县,浙江省,横渡镇,14,长林村,台州市,K8879,29.0142,121.4353,76.0,9.1,9.1
145,三门县,浙江省,海游街道,14,林场,台州市,K8840,29.0492,121.4242,627.0,7.0,7.0
146,三门县,浙江省,珠岙镇,14,吴岙,台州市,K8829,29.0544,121.2419,71.0,0.1,0.1
147,三门县,浙江省,浦坝港镇,14,大域,台州市,K8884,28.9383,121.6222,10.0,13.8,13.8
148,三门县,浙江省,亭旁镇,14,百两岗,台州市,K8806,28.9839,121.3986,466.0,10.3,10.3
149,三门县,浙江省,健跳镇,14,海游港,台州市,K8845,29.105,121.5181,45.0,0.1,0.1
150,三门县,浙江省,浦坝港镇,14,工业城,台州市,K8844,28.9178,121.6681,11.0,4.1,4.1
151,三门县,浙江省,健跳镇,14,健跳港,台州市,K8889,29.0325,121.6267,67.0,0.8,0.8
152,三门县,浙江省,海润街道,14,叶家村,台州市,K8812,29.0675,121.4881,51.0,3.8,3.8
153,三门县,浙江省,浦坝港镇,14,浬浦,台州市,K8811,28.9711,121.5808,79.0,1.7,1.7
154,三门县,浙江省,横渡镇,14,横渡,台州市,K8805,29.0117,121.5094,52.0,20.1,20.1
155,三门县,浙江省,亭旁镇,14,枧头村,台州市,K8828,29.0244,121.3881,415.0,14.8,14.8
156,三门县,浙江省,亭旁镇,14,石门坑,台州市,K8866,29.005,121.3572,120.0,0.3,0.3
157,三门县,浙江省,浦坝港镇,14,里陈坑,台州市,K8880,28.9753,121.6486,41.0,3.3,3.3
158,三门县,浙江省,浦坝港镇,14,五子岛,台州市,K8862,29.0056,121.7608,12.0,24.5,24.5
159,三门县,浙江省,浦坝港镇,14,三门岛,台州市,K8860,28.9647,121.7919,12.0,6.6,6.6
160,三门县,浙江省,健跳镇,14,珠港村,台州市,K8877,29.0703,121.6053,9.0,5.3,5.3
161,三门县,浙江省,蛇蟠乡,14,蛇蟠旅游,台州市,K8830,29.1619,121.5706,5.0,6.4,6.4
162,三门县,浙江省,健跳镇,14,健跳,台州市,K8810,29.0139,121.6083,13.0,3.5,3.5
163,三门县,浙江省,横渡镇,14,岭根陈,台州市,K8883,28.9736,121.5094,28.0,16.4,16.4
164,三门县,浙江省,沙柳街道,14,下南山,台州市,K8822,29.1508,121.3683,214.0,0.1,0.1
165,三门县,浙江省,沙柳街道,14,板樟山,台州市,K8819,29.1586,121.3514,211.0,0.8,0.8
166,三门县,浙江省,海游街道,14,西城,台州市,K8847,29.1206,121.3617,20.0,11.6,11.6
167,三门县,浙江省,蛇蟠乡,14,小蛇,台州市,K8886,29.1531,121.5469,8.0,1.7,1.7
168,三门县,浙江省,花桥镇,14,芝岙村,台州市,K8878,28.9269,121.5261,40.0,7.6,7.6
169,三门县,浙江省,亭旁镇,14,邵下村,台州市,K8875,29.0694,121.3683,136.0,0.6,0.6
170,三门县,浙江省,蛇蟠乡,14,蛇蟠,台州市,K8803,29.1619,121.5706,5.0,6.8,6.8
171,三门县,浙江省,健跳镇,14,罗岙水库,台州市,K8846,29.0544,121.5444,28.0,0.1,0.1
172,三门县,浙江省,横渡镇,14,东屏村,台州市,K8824,29.0089,121.4683,24.0,13.0,13.0
173,三门县,浙江省,海游街道,14,外俞村,台州市,K8869,29.0864,121.3936,9.0,2.5,2.5
174,三门县,浙江省,浦坝港镇,14,五峙山,台州市,K8872,28.9111,121.7244,14.0,2.0,2.0
175,三门县,浙江省,亭旁镇,14,挂帘,台州市,K8888,28.9547,121.3558,318.0,2.6,2.6
176,三门县,浙江省,海游街道,14,悬诸,台州市,K8817,29.0753,121.405,87.0,4.6,4.6
177,三门县,浙江省,健跳镇,14,龙山,台州市,K8825,29.0667,121.6792,60.0,36.7,36.7
178,三门县,浙江省,浦坝港镇,16,浦坝港,台州市,K8821,28.9269,121.5833,7.2,1.4,1.4
179,三门县,浙江省,海润街道,14,王家村,台州市,K8876,29.1314,121.4242,120.0,4.4,4.4
180,三门县,浙江省,珠岙镇,14,竹墩村,台州市,K8874,29.0242,121.2556,304.0,1.4,1.4
181,三门县,浙江省,亭旁镇,14,亭旁,台州市,K8801,29.0436,121.3403,108.0,2.4,2.4
182,三门县,浙江省,亭旁镇,16,佃石,台州市,K8818,29.0025,121.3147,138.0,4.5,4.5
183,三门县,浙江省,浦坝港镇,13,牛山,台州市,58662,29.0131,121.7056,60.0,39.4,39.4
184,三门县,浙江省,浦坝港镇,14,山场村,台州市,K8808,28.8675,121.5128,34.0,3.4,3.4
185,三门县,浙江省,沙柳街道,14,沙柳,台州市,K8815,29.1522,121.4575,36.0,12.7,12.7
186,三门县,浙江省,健跳镇,14,农气基地,台州市,K8823,29.1086,121.5767,9.0,0.1,0.1
187,仙居县,浙江省,朱溪镇,16,朱溪,台州市,K8903,28.7181,120.7936,116.1,2.2,2.2
188,天台县,浙江省,雷峰乡,14,大雷山,台州市,K8722,29.0003,120.8761,522.0,0.3,0.3
189,仙居县,浙江省,淡竹乡,14,朱坑里,台州市,K8942,28.6042,120.6542,420.0,10.1,10.1
190,仙居县,浙江省,横溪镇,14,银地,台州市,K8971,28.8133,120.475,639.0,0.9,0.9
191,仙居县,浙江省,田市镇,14,柯思,台州市,K8908,28.6639,120.6708,137.0,0.5,0.5
192,临海市,浙江省,东塍镇,14,白岩茶场,台州市,K8662,28.9542,121.4164,510.0,11.6,11.6
193,临海市,浙江省,尤溪镇,14,竹家山,台州市,K8696,28.7181,121.0581,223.0,4.5,4.5
194,仙居县,浙江省,皤滩乡,14,金坑口,台州市,K8987,28.6644,120.5092,222.0,0.5,0.5
195,天台县,浙江省,石梁镇,14,黄龙水库,台州市,K8729,29.2242,121.14,528.0,0.2,0.2
196,仙居县,浙江省,湫山乡,16,雅溪,台州市,K8910,28.6981,120.3361,261.8,4.4,4.4
197,临海市,浙江省,东塍镇,14,岭根村,台州市,K8682,28.9547,121.3808,236.0,2.6,2.6
198,天台县,浙江省,石梁镇,14,下洋村,台州市,K8762,29.3083,121.1458,340.0,0.2,0.2
199,天台县,浙江省,三州乡,14,三州,台州市,K8746,29.2264,120.8475,529.0,10.1,10.1
200,临海市,浙江省,小芝镇,16,小芝,台州市,K8609,28.8522,121.4519,82.0,23.1,23.1
201,临海市,浙江省,上盘镇,16,白沙,台州市,K8611,28.7128,121.6378,37.0,0.1,0.1
202,天台县,浙江省,三合镇,14,大横金,台州市,K8767,29.1031,121.165,80.0,0.1,0.1
203,临海市,浙江省,括苍镇,14,跑马坪,台州市,KJ611,28.7853,120.9142,1255.0,1.6,1.6
204,仙居县,浙江省,步路乡,14,步路,台州市,K8915,28.7772,120.7242,60.0,0.1,0.1
205,天台县,浙江省,洪畴镇,14,东安隐,台州市,K8766,29.0997,121.2433,409.0,0.1,0.1
206,临海市,浙江省,汛桥镇,14,汛桥,台州市,K8607,28.795,121.1706,11.0,14.4,14.4
207,仙居县,浙江省,安洲街道,12,仙居,台州市,58652,28.8672,120.7189,83.2,2.9,2.9
208,仙居县,浙江省,双庙乡,14,长岗山,台州市,K8995,28.7786,120.9033,643.0,1.3,1.3
209,天台县,浙江省,龙溪乡,14,柱峰,台州市,K8723,29.0231,120.77,445.0,8.8,8.8
210,临海市,浙江省,汇溪镇,14,汇溪,台州市,K8614,28.9578,121.2131,58.3,0.6,0.6
211,临海市,浙江省,邵家渡街道,14,牛头山,台州市,K8608,28.84,121.2647,14.0,0.3,0.3
212,天台县,浙江省,街头镇,14,溪地,台州市,K8740,29.0714,120.8411,133.0,0.4,0.4
213,天台县,浙江省,三合镇,14,亭头,台州市,K8704,29.0906,121.1014,55.0,0.1,0.1
214,仙居县,浙江省,横溪镇,14,山岙,台州市,K8920,28.7794,120.4283,553.0,14.9,14.9
215,临海市,浙江省,上盘镇,14,头门,台州市,K8627,28.6911,121.7594,49.0,17.0,17.0
216,天台县,浙江省,泳溪乡,14,北山村,台州市,K8765,29.1561,121.1786,443.0,0.8,0.8
217,天台县,浙江省,平桥镇,14,峇溪漂流,台州市,K8794,29.1703,120.7808,175.0,3.3,3.3
218,临海市,浙江省,大田街道,14,石门村,台州市,K8685,28.9617,121.1519,212.0,13.7,13.7
219,天台县,浙江省,坦头镇,14,西方洋,台州市,K8719,29.12,121.1022,62.0,1.0,1.0
220,仙居县,浙江省,安洲街道,14,四小,台州市,K8927,28.8728,120.7306,75.0,1.1,1.1
221,天台县,浙江省,南屏乡,14,翠西村,台州市,K8785,29.0703,120.9281,390.0,0.9,0.9
222,临海市,浙江省,括苍镇,14,黄家寮,台州市,K8612,28.7483,120.9744,582.0,27.3,27.3
223,临海市,浙江省,古城街道,14,两桥,台州市,K8622,28.8717,121.0797,11.0,2.5,2.5
224,天台县,浙江省,平桥镇,14,紫凝山,台州市,K8709,29.0989,120.8569,443.0,0.9,0.9
225,天台县,浙江省,雷峰乡,14,朱莉农场,台州市,K8797,29.0992,120.8972,97.0,6.8,6.8
226,仙居县,浙江省,福应街道,14,三角地,台州市,K8981,28.9275,120.7975,647.0,3.9,3.9
227,临海市,浙江省,东塍镇,14,麻山村,台州市,KJ601,28.9403,121.3542,325.0,13.2,13.2
228,临海市,浙江省,尤溪镇,14,上白岩,台州市,K8640,28.7292,120.9675,756.4,29.2,29.2
229,临海市,浙江省,邵家渡街道,14,岭上村,台州市,K8642,28.8244,121.2322,146.0,19.7,19.7
230,仙居县,浙江省,安岭乡,14,安岭,台州市,K8916,28.5608,120.3333,488.0,5.6,5.6
231,仙居县,浙江省,横溪镇,14,苍岭西,台州市,K8951,28.7628,120.3233,351.0,13.6,13.6
232,天台县,浙江省,白鹤镇,14,白鹤,台州市,K8701,29.2597,120.9633,331.0,4.7,4.7
233,仙居县,浙江省,广度乡,14,广度,台州市,K8904,28.9464,120.7519,650.0,1.3,1.3
234,天台县,浙江省,平桥镇,14,周家楼,台州市,K8789,29.155,120.7336,313.0,7.7,7.7
235,临海市,浙江省,古城街道,14,北固山,台州市,K8659,28.855,121.1114,55.0,6.0,6.0
236,天台县,浙江省,石梁镇,14,慈圣,台州市,K8728,29.3106,121.0619,241.0,2.3,2.3
237,天台县,浙江省,白鹤镇,14,岭下洋,台州市,K8741,29.2036,120.9628,90.0,44.2,44.2
238,天台县,浙江省,泳溪乡,14,外婆湾,台州市,K8778,29.1558,121.205,181.3,0.1,0.1
239,仙居县,浙江省,湫山乡,14,上蓄能,台州市,K8948,28.6453,120.4169,680.0,0.1,0.1
240,临海市,浙江省,大田街道,14,山里村,台州市,K8686,28.9531,121.1308,177.0,9.2,9.2
241,临海市,浙江省,东塍镇,14,桐坑,台州市,K8672,28.9008,121.3364,480.0,32.8,32.8
242,天台县,浙江省,龙溪乡,14,下辽坑,台州市,K8786,29.0003,120.7953,410.0,3.6,3.6
243,仙居县,浙江省,广度乡,14,祝家辽,台州市,K8984,28.9644,120.6733,837.0,5.6,5.6
244,仙居县,浙江省,溪港乡,14,溪港,台州市,K8912,28.5736,120.3961,219.0,21.4,21.4
245,仙居县,浙江省,横溪镇,14,横溪,台州市,K8902,28.7289,120.4772,116.0,0.1,0.1
246,仙居县,浙江省,福应街道,14,青尖山,台州市,K8945,28.9164,120.7275,824.0,11.3,11.3
247,天台县,浙江省,街头镇,14,九遮山,台州市,K8768,29.025,120.8392,210.0,1.0,1.0
248,仙居县,浙江省,朱溪镇,14,岭上村,台州市,K8998,28.6592,120.8308,178.3,6.2,6.2
249,天台县,浙江省,平桥镇,14,龙官漂流,台州市,K8795,29.2333,120.8939,214.0,17.7,17.7
250,临海市,浙江省,杜桥镇,14,医化园区,台州市,K8621,28.6933,121.5458,15.0,1.1,1.1
251,仙居县,浙江省,湫山乡,14,杨岸,台州市,K8997,28.6997,120.3706,204.0,0.2,0.2
252,仙居县,浙江省,埠头镇,14,山皇塘,台州市,K8986,28.8044,120.545,317.0,0.1,0.1
253,临海市,浙江省,杜桥镇,14,临港,台州市,K8649,28.7136,121.5781,10.0,13.1,13.1
254,天台县,浙江省,坦头镇,14,苍山顶,台州市,K8727,29.1514,121.1528,918.0,1.8,1.8
255,临海市,浙江省,杜桥镇,14,岙底陈,台州市,KJ606,28.8122,121.4731,121.0,8.3,8.3
256,临海市,浙江省,尤溪镇,14,尤溪,台州市,K8606,28.7425,121.1011,17.0,8.5,8.5
257,仙居县,浙江省,上张乡,14,苗辽,台州市,K8914,28.6161,120.7961,750.0,8.7,8.7
258,临海市,浙江省,上盘镇,14,大竹山,台州市,K8650,28.7158,121.7297,33.0,0.7,0.7
259,临海市,浙江省,沿江镇,14,沿江,台州市,K8616,28.7461,121.2358,9.0,2.5,2.5
260,临海市,浙江省,邵家渡街道,14,茶山,台州市,K8664,28.8739,121.2828,144.0,6.9,6.9
261,天台县,浙江省,福溪街道,14,职业中专,台州市,K8724,29.1381,121.0067,63.0,1.0,1.0
262,临海市,浙江省,桃渚镇,14,南门坑,台州市,K8610,28.8372,121.6631,13.0,1.4,1.4
263,天台县,浙江省,白鹤镇,14,万年寺,台州市,K8761,29.2733,121.0083,600.0,3.7,3.7
264,天台县,浙江省,福溪街道,14,滩岭,台州市,K8716,29.0694,121.0575,53.0,0.2,0.2
265,天台县,浙江省,赤城街道,14,飞鹤山,台州市,K8749,29.1519,121.0433,92.0,2.5,2.5
266,临海市,浙江省,桃渚镇,14,红脚岩,台州市,KJ608,28.8322,121.6825,28.0,1.9,1.9
267,临海市,浙江省,尤溪镇,14,下涨村,台州市,KJ603,28.7053,121.0289,243.0,14.2,14.2
268,临海市,浙江省,江南街道,14,小溪,台州市,K8641,28.7822,121.1153,10.0,11.6,11.6
269,仙居县,浙江省,白塔镇,14,白塔,台州市,K8901,28.7256,120.5786,106.0,0.1,0.1
270,临海市,浙江省,江南街道,14,江南,台州市,K8615,28.7844,121.1203,11.0,7.0,7.0
271,仙居县,浙江省,官路镇,14,溪心,台州市,K8909,28.895,120.6228,196.0,11.3,11.3
272,天台县,浙江省,街头镇,14,街头,台州市,K8702,29.1244,120.7933,113.0,0.2,0.2
273,临海市,浙江省,小芝镇,14,红树林,台州市,K8644,28.8933,121.3694,137.0,13.1,13.1
274,天台县,浙江省,坦头镇,14,坦头,台州市,K8712,29.1111,121.1156,67.0,0.5,0.5
275,天台县,浙江省,赤城街道,14,飞鹤,台州市,K8717,29.145,121.0372,75.0,1.2,1.2
276,天台县,浙江省,石梁镇,14,寒风缺,台州市,K8763,29.2281,121.05,790.0,2.8,2.8
277,仙居县,浙江省,安岭乡,14,四联村,台州市,K8991,28.5458,120.3572,772.0,2.3,2.3
278,仙居县,浙江省,官路镇,14,白岭脚,台州市,K8988,28.8436,120.6486,117.0,6.2,6.2
279,临海市,浙江省,东塍镇,14,分水岭村,台州市,KJ602,28.9578,121.3647,333.0,3.0,3.0
280,天台县,浙江省,平桥镇,14,屯桥,台州市,K8720,29.2011,120.8997,112.0,16.5,16.5
281,临海市,浙江省,杜桥镇,14,溪口水库,台州市,K8683,28.7858,121.4106,25.0,2.6,2.6
282,天台县,浙江省,始丰街道,14,玉湖,台州市,K8799,29.1458,120.9881,67.2,1.9,1.9
283,临海市,浙江省,括苍镇,14,方溪水库,台州市,K8670,28.8025,121.0,120.0,4.0,4.0
284,临海市,浙江省,上盘镇,13,东矶,台州市,58663,28.7189,121.9156,96.0,2.8,2.8
285,临海市,浙江省,尤溪镇,14,岭脚金,台州市,K8626,28.69,121.0725,66.0,3.0,3.0
286,仙居县,浙江省,上张乡,14,六亩田,台州市,K8905,28.6214,120.7147,568.0,12.0,12.0
287,临海市,浙江省,尤溪镇,14,仲料坑,台州市,KJ604,28.6961,121.0086,323.0,3.3,3.3
288,临海市,浙江省,括苍镇,14,尚山村,台州市,K8680,28.7811,120.9522,260.0,6.2,6.2
289,临海市,浙江省,涌泉镇,14,涌泉,台州市,K8602,28.7569,121.3186,8.0,21.4,21.4
290,临海市,浙江省,桃渚镇,14,洞港,台州市,K8673,28.8528,121.6708,6.0,1.2,1.2
291,临海市,浙江省,大洋街道,12,临海,台州市,58660,28.8739,121.1928,6.3,0.4,0.4
292,临海市,浙江省,汇溪镇,14,江根村,台州市,K8688,28.9947,121.2142,200.0,0.2,0.2
293,天台县,浙江省,白鹤镇,14,白鹤小学,台州市,K8782,29.2353,120.9428,124.0,8.0,8.0
294,临海市,浙江省,邵家渡街道,14,年坑村,台州市,KJ605,28.8106,121.3428,149.0,3.8,3.8
295,临海市,浙江省,汇溪镇,14,留山村,台州市,K8689,28.9858,121.205,424.0,0.2,0.2
296,临海市,浙江省,邵家渡街道,14,南岙,台州市,K8646,28.8483,121.3367,60.0,16.4,16.4
297,临海市,浙江省,古城街道,14,古城,台州市,K8661,28.8519,121.1328,7.7,6.5,6.5
298,临海市,浙江省,东塍镇,14,康谷小学,台州市,K8668,28.9314,121.3914,80.0,5.5,5.5
299,临海市,浙江省,括苍镇,13,括苍山,台州市,58653,28.8097,120.9219,1382.4,2.1,2.1
300,临海市,浙江省,上盘镇,14,田岙岛,台州市,K8630,28.7431,121.8481,51.0,20.1,20.1
301,仙居县,浙江省,溪港乡,14,大园村,台州市,K8992,28.4783,120.4031,456.0,1.2,1.2
302,天台县,浙江省,平桥镇,14,曹一村,台州市,K8764,29.1356,120.885,41.0,5.7,5.7
303,仙居县,浙江省,溪港乡,14,下岸水库,台州市,K8985,28.6053,120.4003,220.0,44.1,44.1
304,天台县,浙江省,龙溪乡,14,天柱林场,台州市,K8730,28.9558,120.8189,924.0,0.5,0.5
305,天台县,浙江省,南屏乡,16,南屏,台州市,K8706,29.0597,120.9656,223.8,0.5,0.5
306,仙居县,浙江省,田市镇,14,公盂,台州市,K8946,28.6392,120.6425,650.0,11.6,11.6
307,临海市,浙江省,尤溪镇,14,王加山,台州市,K8695,28.6889,121.0931,260.0,2.7,2.7
308,天台县,浙江省,坦头镇,14,下陈胡,台州市,K8747,29.115,121.1244,81.0,0.3,0.3
309,临海市,浙江省,古城街道,14,许墅村,台州市,K8691,28.8864,121.0811,56.0,0.5,0.5
310,仙居县,浙江省,朱溪镇,14,金竹寺,台州市,K8982,28.6328,120.9031,514.0,2.2,2.2
311,天台县,浙江省,始丰街道,12,天台,台州市,58559,29.1528,120.9706,107.6,19.2,19.2
312,天台县,浙江省,雷峰乡,14,雷峰漂流,台州市,K8792,29.0389,120.8886,209.0,0.9,0.9
313,天台县,浙江省,白鹤镇,14,盘龙岭,台州市,K8776,29.2728,120.9094,185.0,3.3,3.3
314,临海市,浙江省,汇溪镇,14,上西辽,台州市,K8647,29.0053,121.2608,533.0,7.5,7.5
315,天台县,浙江省,赤城街道,14,桐柏,台州市,K8721,29.2069,121.0164,451.0,42.9,42.9
316,仙居县,浙江省,淡竹乡,14,吴山后,台州市,K8943,28.5922,120.5281,540.0,27.6,27.6
317,仙居县,浙江省,埠头镇,14,大陈,台州市,K8907,28.8503,120.5117,318.0,1.9,1.9
318,仙居县,浙江省,淡竹乡,14,淡竹,台州市,K8911,28.6719,120.5706,105.0,1.9,1.9
319,天台县,浙江省,龙溪乡,14,岭里村,台州市,K8787,29.0025,120.8183,419.0,0.2,0.2
320,临海市,浙江省,大田镇,14,大田,台州市,K8617,28.9044,121.2022,8.0,2.7,2.7
321,临海市,浙江省,小芝镇,14,外蔡,台州市,K8613,28.8794,121.3731,59.0,11.9,11.9
322,天台县,浙江省,泳溪乡,14,泳溪,台州市,K8711,29.1719,121.2222,167.0,2.8,2.8
323,仙居县,浙江省,安洲街道,14,路口,台州市,K8975,28.8928,120.6878,576.0,1.4,1.4
324,天台县,浙江省,平桥镇,14,现代农业园,台州市,K8783,29.1533,120.8561,80.0,11.6,11.6
325,临海市,浙江省,东塍镇,14,岙陈,台州市,K8671,28.88,121.2947,210.0,13.1,13.1
326,天台县,浙江省,坦头镇,14,欢岙,台州市,K8773,29.185,121.105,290.0,0.6,0.6
327,天台县,浙江省,街头镇,14,济溪,台州市,K8790,29.0539,120.8553,198.0,2.7,2.7
328,临海市,浙江省,尤溪镇,14,长加山,台州市,K8697,28.7467,121.0439,269.0,39.9,39.9
329,仙居县,浙江省,南峰街道,14,南峰,台州市,K8925,28.825,120.7467,48.0,0.3,0.3
330,临海市,浙江省,白水洋镇,14,里梅,台州市,K8624,29.0153,120.9958,180.0,0.1,0.1
331,天台县,浙江省,始丰街道,14,新城,台州市,K8759,29.1539,120.99,60.0,5.3,5.3
332,临海市,浙江省,杜桥镇,14,杜桥,台州市,K8601,28.7667,121.4869,7.0,1.5,1.5
333,仙居县,浙江省,湫山乡,14,牛脚,台州市,K8972,28.6286,120.4378,553.0,7.0,7.0
334,天台县,浙江省,石梁镇,14,大同,台州市,K8772,29.2933,121.1458,340.0,0.2,0.2
335,天台县,浙江省,平桥镇,14,下王,台州市,K8708,29.1447,120.8625,76.0,8.4,8.4
336,临海市,浙江省,小芝镇,14,乌岩岙,台州市,K8648,28.9103,121.4022,270.0,6.8,6.8
337,仙居县,浙江省,官路镇,14,谷坦,台州市,K8924,28.8783,120.6025,535.0,16.4,16.4
338,天台县,浙江省,始丰街道,14,始丰小学,台州市,K8760,29.1478,120.985,61.0,7.7,7.7
339,仙居县,浙江省,湫山乡,14,芭蕉坑,台州市,K8970,28.6594,120.3575,260.0,14.0,14.0
340,临海市,浙江省,桃渚镇,14,桃渚,台州市,K8620,28.8086,121.5797,18.0,1.0,1.0
341,天台县,浙江省,白鹤镇,14,左溪,台州市,K8770,29.2889,120.915,234.0,5.7,5.7
342,仙居县,浙江省,横溪镇,14,溪口,台州市,K8913,28.645,120.4797,300.0,1.7,1.7
343,仙居县,浙江省,淡竹乡,14,俞坑,台州市,K8923,28.5494,120.5878,406.0,38.8,38.8
344,天台县,浙江省,石梁镇,14,龙皇堂,台州市,K8713,29.2431,121.0519,758.0,1.5,1.5
345,仙居县,浙江省,上张乡,14,天顶茶场,台州市,K8949,28.6258,120.8078,870.0,8.7,8.7
346,仙居县,浙江省,田市镇,14,括苍隧道北,台州市,K8979,28.6342,120.6733,229.0,4.7,4.7
347,临海市,浙江省,河头镇,14,羊岩山,台州市,K8619,28.9789,121.1497,615.0,3.1,3.1
348,天台县,浙江省,雷峰乡,14,牧云谷,台州市,K8793,28.9822,120.845,510.0,0.2,0.2
349,仙居县,浙江省,横溪镇,14,秧田村,台州市,K8999,28.8106,120.4383,421.0,1.6,1.6
350,仙居县,浙江省,横溪镇,14,垟庄,台州市,K8947,28.7831,120.5061,95.0,0.9,0.9
351,仙居县,浙江省,淡竹乡,14,神仙居,台州市,K8980,28.6794,120.6036,844.0,0.1,0.1
352,天台县,浙江省,泳溪乡,14,抽蓄电站,台州市,K8791,29.1472,121.1806,285.0,1.2,1.2
353,天台县,浙江省,三州乡,14,下屋村,台州市,K8774,29.2172,120.8017,387.0,19.3,19.3
354,临海市,浙江省,涌泉镇,14,马里岙,台州市,KJ609,28.7783,121.3394,138.0,14.9,14.9
355,天台县,浙江省,龙溪乡,16,龙溪,台州市,K8705,29.0517,120.7939,123.0,9.7,9.7
356,仙居县,浙江省,湫山乡,14,湫山,台州市,K8926,28.6983,120.4433,134.0,0.1,0.1
357,天台县,浙江省,始丰街道,14,龙潭村,台州市,K8769,29.1067,120.9492,109.0,0.7,0.7
358,仙居县,浙江省,上张乡,14,双溪水库,台州市,K8994,28.7128,120.7131,316.0,0.5,0.5
359,天台县,浙江省,雷峰乡,14,雷峰,台州市,K8715,29.0881,120.8956,105.0,4.4,4.4
360,仙居县,浙江省,埠头镇,14,双峰隧道南,台州市,K8978,28.8714,120.4986,406.0,15.5,15.5
361,仙居县,浙江省,横溪镇,14,苍岭东,台州市,K8974,28.7522,120.4072,216.0,1.0,1.0
362,临海市,浙江省,涌泉镇,14,兰田山,台州市,K8669,28.8219,121.3711,525.0,6.4,6.4
363,临海市,浙江省,上盘镇,14,雀儿岙,台州市,K8629,28.8097,121.8475,54.0,5.1,5.1
364,路桥区,浙江省,横街镇,14,九琅山,台州市,K8341,28.5147,121.4469,23.0,6.4,6.4
365,路桥区,浙江省,金清镇,14,蒋桥,台州市,K8343,28.4875,121.4636,5.0,35.8,35.8
366,黄岩区,浙江省,上垟乡,14,黄杜岙,台州市,K8289,28.5225,120.9789,180.0,2.8,2.8
367,黄岩区,浙江省,江口街道,14,江口,台州市,K8212,28.6903,121.3275,7.0,42.7,42.7
368,黄岩区,浙江省,上垟乡,14,前思岙,台州市,K8274,28.4861,121.0247,185.0,0.4,0.4
369,黄岩区,浙江省,宁溪镇,14,福利,台州市,K8258,28.6025,120.9708,71.0,3.4,3.4
370,黄岩区,浙江省,屿头乡,14,屿头,台州市,KJ217,28.6356,121.0111,38.0,5.6,5.6
371,黄岩区,浙江省,澄江街道,14,山头舟,台州市,K8268,28.6303,121.1672,8.0,5.5,5.5
372,黄岩区,浙江省,宁溪镇,14,中下桧,台州市,K8293,28.5508,120.9828,127.0,1.1,1.1
373,黄岩区,浙江省,屿头乡,14,后岙,台州市,K8273,28.6631,120.9097,540.0,7.3,7.3
374,路桥区,浙江省,金清镇,14,三山,台州市,K8315,28.5614,121.5944,60.0,0.3,0.3
375,黄岩区,浙江省,上垟乡,14,沈岙,台州市,K8279,28.4911,120.9922,681.0,0.1,0.1
376,黄岩区,浙江省,富山乡,14,李家山,台州市,KJ206,28.5081,120.8989,618.0,0.4,0.4
377,路桥区,浙江省,新桥镇,14,金大田,台州市,K8346,28.5169,121.3983,5.0,16.2,16.2
378,黄岩区,浙江省,澄江街道,14,临古,台州市,K8277,28.62,121.1472,21.0,3.7,3.7
379,黄岩区,浙江省,头陀镇,14,东岭头,台州市,K8260,28.6711,121.1006,208.0,1.8,1.8
380,黄岩区,浙江省,上垟乡,14,象岙,台州市,K8287,28.5172,121.0472,52.0,3.6,3.6
381,黄岩区,浙江省,宁溪镇,14,上前垟,台州市,K8297,28.5775,120.97,76.0,5.3,5.3
382,黄岩区,浙江省,上郑乡,14,铅锌矿,台州市,K8219,28.6111,120.9317,185.0,9.9,9.9
383,黄岩区,浙江省,茅畲乡,14,茅畲,台州市,K8216,28.595,121.1314,29.0,0.1,0.1
384,黄岩区,浙江省,上郑乡,14,仙石,台州市,KJ201,28.6136,120.8792,283.0,15.5,15.5
385,路桥区,浙江省,蓬街镇,14,蓬街,台州市,K8309,28.5503,121.4839,5.0,3.8,3.8
386,路桥区,浙江省,金清镇,14,鹁鸪嘴,台州市,K8316,28.5506,121.6422,25.0,8.8,8.8
387,路桥区,浙江省,桐屿街道,14,埠头堂,台州市,K8342,28.6261,121.3372,10.0,8.4,8.4
388,路桥区,浙江省,路北街道,14,会展中心,台州市,K8328,28.5975,121.3692,5.0,9.7,9.7
389,黄岩区,浙江省,上郑乡,14,大寺基,台州市,K8222,28.5842,120.7997,1143.0,5.0,5.0
390,黄岩区,浙江省,沙埠镇,14,南六坑,台州市,K8280,28.5294,121.1556,386.0,0.4,0.4
391,黄岩区,浙江省,北城街道,14,王林村,台州市,K8241,28.685,121.2867,15.0,7.8,7.8
392,黄岩区,浙江省,头陀镇,14,柑橘所,台州市,K8283,28.6428,121.1564,60.0,12.2,12.2
393,黄岩区,浙江省,上垟乡,14,上垟,台州市,K8210,28.5153,121.0083,77.0,6.2,6.2
394,路桥区,浙江省,金清镇,14,农垦场,台州市,K8312,28.5081,121.5872,5.0,1.9,1.9
395,黄岩区,浙江省,江口街道,14,江心屿,台州市,K8228,28.6956,121.3256,10.0,3.0,3.0
396,黄岩区,浙江省,宁溪镇,14,宁溪备份,台州市,K8202,28.5917,120.9753,150.0,6.4,6.4
397,黄岩区,浙江省,沙埠镇,14,下园,台州市,K8284,28.5686,121.1567,84.0,18.8,18.8
398,黄岩区,浙江省,屿头乡,14,大田,台州市,K8298,28.6772,120.9861,126.0,3.4,3.4
399,黄岩区,浙江省,上郑乡,14,上郑,台州市,KJ209,28.5997,120.9311,115.0,14.9,14.9
400,黄岩区,浙江省,富山乡,14,双西,台州市,KJ205,28.5428,120.9233,554.0,2.3,2.3
401,黄岩区,浙江省,高桥街道,14,高桥,台州市,K8214,28.5844,121.2314,45.0,0.4,0.4
402,黄岩区,浙江省,富山乡,14,决要,台州市,K8257,28.5325,120.8467,479.0,5.2,5.2
403,黄岩区,浙江省,平田乡,14,桐里岙,台州市,K8263,28.5597,121.0511,44.0,0.1,0.1
404,路桥区,浙江省,桐屿街道,14,凉溪,台州市,K8317,28.6178,121.3067,25.0,23.8,23.8
405,路桥区,浙江省,路北街道,14,路桥,台州市,K8301,28.5753,121.3503,5.0,42.9,42.9
406,黄岩区,浙江省,宁溪镇,14,白鹭湾,台州市,K8229,28.6122,120.9992,40.0,10.1,10.1
407,黄岩区,浙江省,富山乡,14,南正顶,台州市,K8245,28.5103,120.8578,930.0,4.4,4.4
408,黄岩区,浙江省,头陀镇,14,元同溪闸,台州市,K8248,28.6242,121.1458,14.0,5.2,5.2
409,黄岩区,浙江省,上垟乡,14,西洋,台州市,K8288,28.5222,121.0247,55.0,0.4,0.4
410,黄岩区,浙江省,北洋镇,14,北洋,台州市,K8220,28.6206,121.0978,25.0,11.4,11.4
411,黄岩区,浙江省,平田乡,14,黄毛山,台州市,K8230,28.5753,121.0769,646.0,0.2,0.2
412,黄岩区,浙江省,新前街道,14,新前,台州市,K8215,28.6814,121.2067,13.0,0.9,0.9
413,黄岩区,浙江省,上郑乡,14,黄岩大瀑布,台州市,K8224,28.6047,120.8556,263.0,6.0,6.0
414,黄岩区,浙江省,黄岩屿头乡,14,兴安村,台州市,K8275,28.6503,120.9594,112.0,6.1,6.1
415,黄岩区,浙江省,院桥镇,14,沙门店,台州市,K8223,28.5575,121.2686,7.0,14.5,14.5
416,黄岩区,浙江省,宁溪镇,14,岭家湖,台州市,KJ203,28.5989,120.9522,88.0,10.6,10.6
417,路桥区,浙江省,蓬街镇,14,蓬东,台州市,K8345,28.5783,121.4925,4.0,0.2,0.2
418,黄岩区,浙江省,宁溪镇,14,乌岩头,台州市,KJ213,28.6225,120.9417,321.0,0.8,0.8
419,黄岩区,浙江省,上郑乡,14,下余,台州市,K8209,28.6058,120.8744,256.0,13.1,13.1
420,黄岩区,浙江省,上郑乡,14,抱料,台州市,K8256,28.5597,120.8456,541.0,5.2,5.2
421,路桥区,浙江省,峰江街道,14,峰江,台州市,K8310,28.5486,121.3681,10.0,21.0,21.0
422,黄岩区,浙江省,宁溪镇,14,宁联,台州市,K8296,28.5481,120.9492,95.0,1.2,1.2
423,黄岩区,浙江省,新前街道,14,下抱水库,台州市,K8244,28.7097,121.2208,135.0,0.5,0.5
424,路桥区,浙江省,新桥镇,14,新桥,台州市,K8308,28.5019,121.4036,4.0,32.7,32.7
425,路桥区,浙江省,桐屿街道,14,北大附中,台州市,K8330,28.6014,121.3047,6.0,7.5,7.5
426,黄岩区,浙江省,宁溪镇,14,牌门,台州市,K8225,28.5272,120.9522,121.0,0.3,0.3
427,路桥区,浙江省,金清镇,14,白果,台州市,K8304,28.4839,121.6219,133.4,0.9,0.9
428,黄岩区,浙江省,富山乡,14,畴路,台州市,KJ204,28.5272,120.9244,433.0,0.3,0.3
429,黄岩区,浙江省,东城街道,14,气象大楼,台州市,K8201,28.6625,121.28,45.0,1.0,1.0
430,黄岩区,浙江省,上垟乡,14,上下吉,台州市,K8295,28.4964,121.0122,247.0,0.3,0.3
431,黄岩区,浙江省,富山乡,14,富北,台州市,KJ215,28.5494,120.8708,678.0,0.1,0.1
432,黄岩区,浙江省,南城街道,14,十里铺,台州市,K8227,28.6125,121.2672,20.0,1.9,1.9
433,路桥区,浙江省,金清镇,14,联盟闸,台州市,K8325,28.5208,121.5478,3.0,0.3,0.3
434,黄岩区,浙江省,上郑乡,14,蒋东岙,台州市,K8246,28.6125,120.9275,272.0,7.4,7.4
435,路桥区,浙江省,横街镇,14,横街小学,台州市,K8323,28.5358,121.4328,6.0,6.8,6.8
436,黄岩区,浙江省,宁溪镇,16,宁溪,台州市,K8282,28.5867,120.965,151.0,6.7,6.7
437,路桥区,浙江省,金清镇,14,明珠学校,台州市,K8329,28.52,121.5147,5.0,5.6,5.6
438,黄岩区,浙江省,宁溪镇,14,下周,台州市,K8291,28.5925,120.9811,58.0,2.1,2.1
439,黄岩区,浙江省,高桥街道,14,三童岙,台州市,K8269,28.6011,121.2178,70.0,0.2,0.2
440,路桥区,浙江省,螺洋街道,14,上寺前,台州市,K8340,28.5389,121.3331,57.0,22.3,22.3
441,黄岩区,浙江省,沙埠镇,14,沙埠,台州市,K8203,28.5481,121.1744,43.0,2.1,2.1
442,黄岩区,浙江省,屿头乡,14,上凤,台州市,K8208,28.6522,121.0108,160.0,0.4,0.4
443,路桥区,浙江省,蓬街镇,14,花园里,台州市,K8347,28.5611,121.4628,5.0,9.4,9.4
444,黄岩区,浙江省,上郑乡,14,下郑,台州市,K8299,28.6056,120.9439,99.0,10.4,10.4
445,路桥区,浙江省,峰江街道,14,下陶村,台州市,K8327,28.5364,121.3953,5.0,10.4,10.4
446,路桥区,浙江省,横街镇,14,横街,台州市,K8302,28.5278,121.4456,5.0,4.3,4.3
447,黄岩区,浙江省,北洋镇,14,联丰,台州市,K8250,28.6528,121.0689,53.0,10.1,10.1
448,路桥区,浙江省,螺洋街道,14,东风村,台州市,K8318,28.5642,121.3083,5.0,42.0,42.0
449,路桥区,浙江省,路南街道,14,红光,台州市,K8344,28.5889,121.4206,5.0,8.7,8.7
450,黄岩区,浙江省,北洋镇,14,五尖山,台州市,K8247,28.6661,121.0386,433.0,0.8,0.8
451,黄岩区,浙江省,西城街道,14,委羽山,台州市,K8226,28.6247,121.2394,19.0,0.7,0.7
452,黄岩区,浙江省,宁溪镇,14,金岙,台州市,K8292,28.56,120.9519,89.0,5.0,5.0
453,路桥区,浙江省,金清镇,14,湖屿岛,台州市,K8320,28.4583,121.6653,42.0,0.1,0.1
454,黄岩区,浙江省,富山乡,14,富山,台州市,K8206,28.5358,120.9131,710.0,0.4,0.4
455,黄岩区,浙江省,上郑乡,14,东亚山庄,台州市,K8270,28.5983,120.82,988.0,4.9,4.9
456,黄岩区,浙江省,宁溪镇,14,岭根,台州市,K8243,28.5472,120.9364,131.0,1.7,1.7
457,黄岩区,浙江省,茅畲乡,14,西边,台州市,K8281,28.5822,121.1144,119.0,0.1,0.1
458,黄岩区,浙江省,上郑乡,14,下庙,台州市,KJ202,28.5769,120.8894,195.0,11.7,11.7
459,黄岩区,浙江省,上垟乡,14,岭脚,台州市,K8286,28.5342,121.0394,57.0,0.1,0.1
460,黄岩区,浙江省,富山乡,14,外金,台州市,K8271,28.5078,120.8914,582.0,1.0,1.0
461,路桥区,浙江省,金清镇,14,黄琅,台州市,K8305,28.5261,121.5967,2.0,1.7,1.7
462,黄岩区,浙江省,东城街道,14,科技学院,台州市,K8218,28.6694,121.2539,8.0,0.2,0.2
463,黄岩区,浙江省,上垟乡,14,下方,台州市,K8264,28.5325,121.0017,63.0,3.2,3.2
464,路桥区,浙江省,金清镇,14,金清,台州市,K8303,28.5058,121.4972,3.0,6.9,6.9
465,路桥区,浙江省,桐屿街道,14,桐屿,台州市,K8306,28.5856,121.3344,5.0,28.7,28.7
466,黄岩区,浙江省,屿头乡,14,长滩,台州市,K8242,28.6603,120.9892,92.0,2.1,2.1
467,黄岩区,浙江省,屿头乡,14,白石,台州市,K8207,28.6744,120.9375,757.0,13.8,13.8
468,黄岩区,浙江省,屿头乡,14,布袋坑,台州市,K8259,28.7006,120.9442,617.0,8.9,8.9
469,黄岩区,浙江省,院桥镇,14,院桥,台州市,K8213,28.5497,121.2981,7.0,8.8,8.8
470,黄岩区,浙江省,头陀镇,14,头陀,台州市,K8205,28.6742,121.1369,16.0,9.6,9.6
471,路桥区,浙江省,路桥街道,14,龙头王村,台州市,K8326,28.5814,121.3919,5.0,4.6,4.6
472,黄岩区,浙江省,北洋镇,14,长潭,台州市,K8204,28.6108,121.0583,57.0,2.1,2.1
473,路桥区,浙江省,金清镇,14,金清渔港,台州市,K8348,28.4914,121.5986,6.0,4.2,4.2
474,路桥区,浙江省,路南街道,14,机场,台州市,K8307,28.5553,121.4222,4.0,13.5,13.5
475,黄岩区,浙江省,澄江街道,16,澄江,台州市,K8217,28.6322,121.1736,12.0,3.5,3.5
476,黄岩区,浙江省,上郑乡,14,圣堂,台州市,K8267,28.5844,120.8853,172.0,13.3,13.3
477,路桥区,浙江省,螺洋街道,14,水厂,台州市,K8311,28.5608,121.33,10.0,38.1,38.1
478,黄岩区,浙江省,东城街道,14,东城小学,台州市,K8240,28.6611,121.2906,25.0,12.4,12.4
479,路桥区,浙江省,峰江街道,14,保全小学,台州市,K8321,28.5189,121.3761,5.0,39.2,39.2
480,黄岩区,浙江省,富山乡,14,北山,台州市,KJ216,28.5294,120.8717,647.0,0.8,0.8
481,路桥区,浙江省,桐屿街道,14,飞龙湖,台州市,K8324,28.6044,121.3358,10.0,10.3,10.3
482,黄岩区,浙江省,北城街道,14,黄土岭,台州市,K8249,28.6831,121.2394,26.0,0.1,0.1
